year,species,count
2004,Aigle botté,3
2004,Aigle royal,2
2004,Alouette des champs,3640
2004,Alouette lulu,383
2004,Balbuzard pêcheur,89
2004,Bihoreau gris,3
2004,Bondrée apivore,6136
2004,Busard Saint-Martin,30
2004,Busard cendré,7
2004,Busard des roseaux,403
2004,Busard indéterminé,2
2004,Buse variable,8927
2004,Canard pilet,39
2004,Canard siffleur,14
2004,Canard souchet,5
2004,Choucas des tours,1062
2004,Cigogne blanche,425
2004,Cigogne noire,122
2004,Circaète Jean-le-Blanc,2
2004,Corbeau freux,6631
2004,Courlis cendré,14
2004,Courlis corlieu,9
2004,Faucon crécerelle,250
2004,Faucon hobereau,58
2004,Faucon indéterminé,17
2004,Faucon émerillon,35
2004,Goéland brun,1
2004,Goéland leucophée,495
2004,Grand Cormoran,5210
2004,Grande Aigrette,124
2004,Grue cendrée,24
2004,Guêpier d'Europe,84
2004,Hibou des marais,1
2004,Héron cendré,691
2004,Limicoles indéterminés,16
2004,Milan noir,3814
2004,Milan royal,2852
2004,Mouette mélanocéphale,4
2004,Pigeon colombin,3225
2004,Pigeon ramier,39720
2004,Sterne caspienne,1
2004,Tourterelle des bois,3
2004,Vanneau huppé,292
2004,Voilier indéterminé,52
2004,Épervier d'Europe,763
2004,Étourneau sansonnet,7605
2005,Aigle botté,1
2005,Aigle criard,1
2005,Aigle pomarin,1
2005,Aigle royal,2
2005,Alouette des champs,2731
2005,Alouette lulu,306
2005,Autour des palombes,1
2005,Balbuzard pêcheur,57
2005,Bihoreau gris,2
2005,Bondrée apivore,10016
2005,Busard Saint-Martin,26
2005,Busard cendré,14
2005,Busard des roseaux,494
2005,Busard indéterminé,3
2005,Buse variable,13967
2005,Bécassine des marais,1
2005,Canard pilet,16
2005,Chevalier aboyeur,1
2005,Chevalier gambette,1
2005,Choucas des tours,323
2005,Cigogne blanche,501
2005,Cigogne noire,88
2005,Circaète Jean-le-Blanc,1
2005,Corbeau freux,1805
2005,Courlis cendré,11
2005,Faucon crécerelle,241
2005,Faucon hobereau,21
2005,Faucon indéterminé,21
2005,Faucon pèlerin,2
2005,Faucon émerillon,38
2005,Geai des chênes,123
2005,Goéland brun,2
2005,Goéland leucophée,387
2005,Grand Cormoran,2887
2005,Grande Aigrette,189
2005,Grue cendrée,2
2005,Guêpier d'Europe,34
2005,Harle bièvre,13
2005,Héron cendré,700
2005,Héron pourpré,1
2005,Labbe pomarin,1
2005,Limicoles indéterminés,20
2005,Milan noir,2926
2005,Milan royal,4479
2005,Mouette mélanocéphale,5
2005,Mouette pygmée,26
2005,Oie cendrée,3
2005,Pigeon colombin,1708
2005,Pigeon ramier,40979
2005,Tadorne casarca,2
2005,Tadorne de Belon,2
2005,Vanneau huppé,85
2005,Voilier indéterminé,101
2005,Épervier d'Europe,961
2005,Étourneau sansonnet,6642
2006,Aigle botté,2
2006,Aigle indéterminé (Aquila),1
2006,Aigle royal,9
2006,Alouette des champs,3292
2006,Alouette lulu,304
2006,Balbuzard pêcheur,114
2006,Bihoreau gris,3
2006,Bondrée apivore,8308
2006,Busard Saint-Martin,22
2006,Busard cendré,32
2006,Busard des roseaux,437
2006,Busard indéterminé,5
2006,Buse variable,12184
2006,Bécassine des marais,1
2006,Canard colvert,2
2006,Canard indéterminé,20
2006,Chevalier aboyeur,1
2006,Choucas des tours,54
2006,Cigogne blanche,573
2006,Cigogne noire,84
2006,Circaète Jean-le-Blanc,2
2006,Corbeau freux,793
2006,Courlis corlieu,1
2006,Faucon crécerelle,274
2006,Faucon hobereau,36
2006,Faucon indéterminé,10
2006,Faucon émerillon,41
2006,Goéland brun,1
2006,Goéland leucophée,405
2006,Grand Cormoran,3881
2006,Grand Gravelot,1
2006,Grande Aigrette,105
2006,Grue cendrée,28
2006,Harle bièvre,12
2006,Harle huppé,1
2006,Héron cendré,528
2006,Héron garde-boeufs,2
2006,Labbe indéterminé,2
2006,Labbe à longue queue,1
2006,Limicoles indéterminés,6
2006,Martinet noir,10
2006,Milan noir,4708
2006,Milan royal,2916
2006,Mouette mélanocéphale,8
2006,Mouette tridactyle,1
2006,Oie cendrée,18
2006,Pigeon colombin,1885
2006,Pigeon ramier,45523
2006,Tadorne casarca,1
2006,Tadorne de Belon,3
2006,Voilier indéterminé,198
2006,Épervier d'Europe,735
2007,Aigle botté,1
2007,Aigle indéterminé (Aquila),1
2007,Aigle pomarin,1
2007,Aigle royal,7
2007,Autour des palombes,4
2007,Balbuzard pêcheur,70
2007,Bihoreau gris,4
2007,Bondrée apivore,4668
2007,Busard Saint-Martin,32
2007,Busard cendré,23
2007,Busard des roseaux,433
2007,Busard indéterminé,5
2007,Buse variable,7991
2007,Canard indéterminé,1
2007,Canard pilet,7
2007,Chevalier aboyeur,1
2007,Choucas des tours,0
2007,Cigogne blanche,259
2007,Cigogne noire,138
2007,Corbeau freux,980
2007,Courlis cendré,8
2007,Faucon crécerelle,228
2007,Faucon hobereau,66
2007,Faucon indéterminé,3
2007,Faucon pèlerin,2
2007,Faucon émerillon,36
2007,Goéland leucophée,345
2007,Grand Cormoran,3071
2007,Grande Aigrette,128
2007,Grue cendrée,9
2007,Guêpier d'Europe,76
2007,Harle bièvre,9
2007,Huîtrier pie,1
2007,Héron cendré,635
2007,Héron pourpré,1
2007,Labbe indéterminé,1
2007,Labbe à longue queue,3
2007,Limicoles indéterminés,5
2007,Milan noir,5857
2007,Milan royal,3681
2007,Mouette tridactyle,1
2007,Pigeon colombin,1494
2007,Pigeon ramier,22865
2007,Pluvier doré,1
2007,Vanneau huppé,111
2007,Vautour fauve,2
2007,Voilier indéterminé,89
2007,Épervier d'Europe,744
2007,Étourneau sansonnet,3631
2008,Accenteur mouchet,2
2008,Aigle indéterminé (Aquila),1
2008,Aigle pomarin,1
2008,Aigle royal,2
2008,Aigrette garzette,1
2008,Alouette des champs,7123
2008,Alouette lulu,1272
2008,Autour des palombes,5
2008,Balbuzard pêcheur,72
2008,Bec-croisé des sapins,2
2008,Bergeronnette des ruisseaux,12
2008,Bergeronnette grise,464
2008,Bergeronnette printanière,290
2008,Bondrée apivore,7346
2008,Bruant des roseaux,4
2008,Bruant jaune,17
2008,Busard Saint-Martin,48
2008,Busard cendré,19
2008,Busard des roseaux,316
2008,Busard indétereminé,1
2008,Busard indéterminé,1
2008,Buse variable,18275
2008,Bécassine des marais,2
2008,Canard colvert,2
2008,Cassenoix moucheté,2
2008,Chardonneret élégant,177
2008,Chevalier aboyeur,3
2008,Chevalier gambette,1
2008,Chevalier sylvain,5
2008,Choucas des tours,461
2008,Cigogne blanche,960
2008,Cigogne noire,93
2008,Circaète Jean-le-Blanc,7
2008,Cisticole des joncs,1
2008,Corbeau freux,1260
2008,Corneille noire,25
2008,Courlis cendré,18
2008,Courlis corlieu,2
2008,Faucon crécerelle,278
2008,Faucon hobereau,35
2008,Faucon indéterminé,15
2008,Faucon pèlerin,7
2008,Faucon émerillon,46
2008,Garrot à oeil d’or,1
2008,Geai des chênes,9
2008,Goéland brun,1
2008,Goéland leucophée,262
2008,Grand Cormoran,5160
2008,Grande Aigrette,145
2008,Grive draine,20
2008,Grive litorne,52
2008,Grive mauvis,22
2008,Grive musicienne,567
2008,Grosbec casse-noyaux,50
2008,Grue cendrée,49
2008,Guêpier d'Europe,3
2008,Harle bièvre,26
2008,Hirondelle de fenêtre,8578
2008,Hirondelle de rivage,106
2008,Hirondelle de rochers,1
2008,Hirondelle indéterminée,25024
2008,Hirondelle rustique,9463
2008,Héron cendré,976
2008,Héron pourpré,7
2008,Labbe indéterminé,1
2008,Limicole indéterminé,7
2008,Linotte mélodieuse,80
2008,Martinet noir,7209
2008,Martinet à ventre blanc,6
2008,Merle / Grive indéterminé,1515
2008,Merle noir,11
2008,Milan noir,7066
2008,Milan royal,5580
2008,Mouette mélanocéphale,2
2008,Mouette rieuse,482
2008,Mésange bleue,496
2008,Mésange charbonnière,53
2008,Mésange noire,3
2008,Mésange à longue queue,11
2008,Passereau indéterminé,244115
2008,Pic noir,1
2008,Pigeon biset domestique,1
2008,Pigeon colombin,1403
2008,Pigeon ramier,24945
2008,Pinson des arbres,4667
2008,Pinson du Nord,248
2008,Pipit des arbres,47
2008,Pipit farlouse,374
2008,Pipit rousseline,2
2008,Pluvier doré,1
2008,Pygargue à queue blanche,1
2008,Pélican blanc,1
2008,Rapace indéterminé,81
2008,Roitelet huppé,1
2008,Rougequeue noir,1
2008,Rémiz penduline,1
2008,Serin cini,18
2008,Sizerin flammé,1
2008,Spatule blanche,2
2008,Sterne caspienne,2
2008,Tadorne de Belon,1
2008,Tarin des aulnes,507
2008,Tichodrome échelette,1
2008,Vanneau huppé,123
2008,Vautour fauve,1
2008,Verdier d'Europe,11
2008,Épervier d'Europe,1503
2008,Étourneau sansonnet,17286
2009,Aigle botté,1
2009,Aigle criard,1
2009,Aigrette garzette,1
2009,Alouette des champs,2265
2009,Alouette lulu,402
2009,Autour des palombes,4
2009,Balbuzard pêcheur,57
2009,Bergeronnette des ruisseaux,10
2009,Bergeronnette grise,60
2009,Bergeronnette printanière,152
2009,Bondrée apivore,4995
2009,Bruant des roseaux,5
2009,Busard Saint-Martin,18
2009,Busard cendré,5
2009,Busard des roseaux,328
2009,Busard pâle,1
2009,Buse variable,10527
2009,Bécassine des marais,2
2009,Canard pilet,15
2009,Chardonneret élégant,115
2009,Choucas des tours,630
2009,Cigogne blanche,1080
2009,Cigogne noire,133
2009,Circaète Jean-le-Blanc,4
2009,Combattant varié,1
2009,Corbeau freux,1086
2009,Courlis cendré,14
2009,Courlis corlieu,17
2009,Faucon crécerelle,251
2009,Faucon hobereau,45
2009,Faucon indéterminé,11
2009,Faucon kobez,1
2009,Faucon pèlerin,8
2009,Faucon émerillon,37
2009,Goéland leucophée,182
2009,Grand Cormoran,3215
2009,Grande Aigrette,82
2009,Grive draine,21
2009,Grive mauvis,1
2009,Grive musicienne,22
2009,Grosbec casse-noyaux,21
2009,Grue cendrée,62
2009,Guêpier d'Europe,5
2009,Harle bièvre,15
2009,Hirondelle de fenêtre,2505
2009,Hirondelle de rivage,90
2009,Hirondelle de rochers,21
2009,Hirondelle indéterminée,4981
2009,Hirondelle rustique,12270
2009,Huîtrier pie,5
2009,Héron cendré,352
2009,Labbe à longue queue,1
2009,Limicole indéterminé,2
2009,Linotte mélodieuse,74
2009,Macreuse noire,2
2009,Martinet noir,8038
2009,Martinet à ventre blanc,1
2009,Merle / Grive indéterminé,97
2009,Merle noir,1
2009,Merle à plastron,1
2009,Milan noir,6365
2009,Milan royal,4565
2009,Mouette mélanocéphale,1
2009,Mouette rieuse,87
2009,Mésange bleue,15
2009,Oie cendrée,8
2009,Passereau indéterminé,67369
2009,Pigeon biset domestique,1
2009,Pigeon colombin,1339
2009,Pigeon ramier,16362
2009,Pinson des arbres,2065
2009,Pinson du Nord,9
2009,Pipit des arbres,12
2009,Pipit rousseline,2
2009,Pipit spioncelle,1
2009,Rapace indéterminé,61
2009,Rémiz penduline,2
2009,Serin cini,43
2009,Tarin des aulnes,86
2009,Vanneau huppé,48
2009,Vautour fauve,1
2009,Épervier d'Europe,1028
2009,Étourneau sansonnet,10215
2010,Aigle botté,1
2010,Aigle criard,2
2010,Aigle indéterminé (Aquila),1
2010,Aigle pomarin,1
2010,Aigle royal,1
2010,Aigrette garzette,1
2010,Alouette des champs,3637
2010,Alouette lulu,392
2010,Autour des palombes,2
2010,Balbuzard pêcheur,98
2010,Bec-croisé des sapins,46
2010,Bergeronnette des ruisseaux,1
2010,Bergeronnette grise,187
2010,Bergeronnette printanière,113
2010,Bondrée apivore,5388
2010,Bruant des roseaux,1
2010,Busard Saint-Martin,24
2010,Busard cendré,14
2010,Busard des roseaux,605
2010,Busard indétereminé,4
2010,Busard indéterminé,4
2010,Buse variable,12407
2010,Canard chipeau,6
2010,Chardonneret élégant,117
2010,Chevalier aboyeur,2
2010,Chevalier sylvain,1
2010,Choucas des tours,624
2010,Cigogne blanche,992
2010,Cigogne noire,133
2010,Circaète Jean-le-Blanc,4
2010,Corbeau freux,1180
2010,Courlis cendré,25
2010,Courlis corlieu,68
2010,Faucon crécerelle,313
2010,Faucon hobereau,59
2010,Faucon indéterminé,12
2010,Faucon pèlerin,4
2010,Faucon émerillon,29
2010,Geai des chênes,474
2010,Goéland cendré,2
2010,Goéland leucophée,132
2010,Grand Cormoran,4838
2010,Grande Aigrette,32
2010,Grive draine,28
2010,Grive mauvis,4
2010,Grive musicienne,101
2010,Grosbec casse-noyaux,142
2010,Grue cendrée,70
2010,Harle bièvre,15
2010,Hirondelle de fenêtre,7300
2010,Hirondelle de rivage,100
2010,Hirondelle de rochers,7
2010,Hirondelle indéterminée,90527
2010,Hirondelle rustique,15414
2010,Héron cendré,737
2010,Labbe indéterminé,1
2010,Limicole indéterminé,44
2010,Linotte mélodieuse,170
2010,Loriot d'Europe,3
2010,Martinet noir,10254
2010,Martinet à ventre blanc,20
2010,Merle / Grive indéterminé,78
2010,Milan noir,6829
2010,Milan royal,4877
2010,Mouette mélanocéphale,2
2010,Mouette rieuse,1072
2010,Mésange bleue,532
2010,Mésange charbonnière,62
2010,Mésange noire,2
2010,Oie cendrée,8
2010,Passereau indéterminé,142686
2010,Pic noir,1
2010,Pie bavarde,1
2010,Pigeon colombin,3111
2010,Pigeon ramier,122624
2010,Pinson des arbres,10314
2010,Pinson du Nord,70
2010,Pipit des arbres,9
2010,Pipit farlouse,82
2010,Pipit rousseline,3
2010,Pipit spioncelle,2
2010,Pluvier doré,8
2010,Rapace indéterminé,39
2010,Serin cini,17
2010,Sterne caspienne,1
2010,Tarin des aulnes,305
2010,Verdier d'Europe,3
2010,Épervier d'Europe,1632
2010,Étourneau sansonnet,8918
2011,Aigle indéterminé (Aquila),1
2011,Alouette des champs,6338
2011,Alouette lulu,427
2011,Autour des palombes,2
2011,Balbuzard pêcheur,138
2011,Barge rousse,16
2011,Bergeronnette des ruisseaux,18
2011,Bergeronnette grise,363
2011,Bergeronnette printanière,589
2011,Bondrée apivore,5778
2011,Bruant des roseaux,18
2011,Busard Saint-Martin,42
2011,Busard cendré,11
2011,Busard des roseaux,729
2011,Busard indétereminé,3
2011,Busard indéterminé,3
2011,Buse pattue,1
2011,Buse variable,16143
2011,Bécassine des marais,2
2011,Canard pilet,65
2011,Chardonneret élégant,308
2011,Choucas des tours,80
2011,Cigogne blanche,1641
2011,Cigogne noire,189
2011,Circaète Jean-le-Blanc,4
2011,Combattant varié,2
2011,Corbeau freux,657
2011,Courlis cendré,35
2011,Courlis corlieu,1
2011,Faucon crécerelle,827
2011,Faucon hobereau,74
2011,Faucon indéterminé,11
2011,Faucon pèlerin,8
2011,Faucon émerillon,79
2011,Fuligule milouin,10
2011,Garrot à oeil d’or,1
2011,Goéland leucophée,206
2011,Grand Cormoran,7728
2011,Grande Aigrette,46
2011,Grive draine,41
2011,Grive musicienne,381
2011,Grosbec casse-noyaux,125
2011,Grue cendrée,155
2011,Guêpier d'Europe,64
2011,Harle bièvre,33
2011,Hirondelle de fenêtre,3967
2011,Hirondelle de rivage,25
2011,Hirondelle indéterminée,53912
2011,Hirondelle rustique,11391
2011,Héron cendré,638
2011,Héron pourpré,1
2011,Labbe indéterminé,2
2011,Labbe parasite,1
2011,Limicole indéterminé,223
2011,Linotte mélodieuse,150
2011,Loriot d'Europe,1
2011,Martinet noir,21998
2011,Martinet à ventre blanc,10
2011,Merle / Grive indéterminé,547
2011,Milan noir,11413
2011,Milan royal,8823
2011,Mouette mélanocéphale,1
2011,Mouette rieuse,964
2011,Mésange bleue,2
2011,Oie cendrée,3
2011,Passereau indéterminé,100769
2011,Pigeon colombin,2880
2011,Pigeon ramier,28725
2011,Pinson des arbres,1747
2011,Pinson du Nord,2
2011,Pipit des arbres,16
2011,Pipit farlouse,49
2011,Pipit rousseline,1
2011,Rapace indéterminé,68
2011,Serin cini,121
2011,Tarin des aulnes,295
2011,Tourterelle turque,1
2011,Vanneau huppé,53
2011,Vautour fauve,1
2011,Verdier d'Europe,30
2011,Épervier d'Europe,1861
2011,Étourneau sansonnet,38278
2012,Accenteur mouchet,5
2012,Aigle criard,1
2012,Aigle indéterminé (Aquila),1
2012,Alouette des champs,7590
2012,Alouette lulu,528
2012,Autour des palombes,5
2012,Balbuzard pêcheur,86
2012,Bergeronnette des ruisseaux,22
2012,Bergeronnette grise,1730
2012,Bergeronnette printanière,108
2012,Bondrée apivore,3489
2012,Bouvreuil pivoine,14
2012,Bruant des roseaux,36
2012,Bruant jaune,27
2012,Bruant ortolan,1
2012,Busard Saint-Martin,46
2012,Busard cendré,7
2012,Busard des roseaux,678
2012,Buse variable,34722
2012,Bécassine des marais,2
2012,Canard colvert,2
2012,Canard pilet,1
2012,Chardonneret élégant,714
2012,Choucas des tours,529
2012,Cigogne blanche,1796
2012,Cigogne noire,167
2012,Circaète Jean-le-Blanc,7
2012,Corbeau freux,1945
2012,Courlis cendré,7
2012,Courlis corlieu,1
2012,Faucon crécerelle,1531
2012,Faucon hobereau,68
2012,Faucon indéterminé,3
2012,Faucon pèlerin,7
2012,Faucon émerillon,28
2012,Fuligule milouin,9
2012,Geai des chênes,1079
2012,Goéland cendré,3
2012,Goéland leucophée,154
2012,Grand Cormoran,12886
2012,Grande Aigrette,205
2012,Grive draine,130
2012,Grive mauvis,1
2012,Grive musicienne,610
2012,Grosbec casse-noyaux,771
2012,Grue cendrée,209
2012,Guêpier d'Europe,13
2012,Harle bièvre,38
2012,Hibou des marais,1
2012,Hirondelle de fenêtre,2509
2012,Hirondelle de rivage,40
2012,Hirondelle de rochers,5
2012,Hirondelle indéterminée,308800
2012,Hirondelle rustique,9671
2012,Héron cendré,979
2012,Héron pourpré,2
2012,Labbe parasite,1
2012,Limicole indéterminé,31
2012,Linotte mélodieuse,90
2012,Martinet noir,8242
2012,Martinet à ventre blanc,16
2012,Merle / Grive indéterminé,51588
2012,Merle noir,26
2012,Milan noir,8303
2012,Milan royal,11607
2012,Mouette mélanocéphale,2
2012,Mouette rieuse,778
2012,Mésange bleue,6097
2012,Mésange charbonnière,197
2012,Mésange noire,42
2012,Mésange à longue queue,40
2012,Oie cendrée,4
2012,Oie indéterminée,9
2012,Passereau indéterminé,365503
2012,Pic épeiche,1
2012,Pigeon colombin,3668
2012,Pigeon ramier,73982
2012,Pinson des arbres,457597
2012,Pinson du Nord,132
2012,Pipit des arbres,31
2012,Pipit farlouse,703
2012,Pipit spioncelle,6
2012,Pélican blanc,1
2012,Rapace indéterminé,79
2012,Rémiz penduline,10
2012,Sarcelle d'hiver,1
2012,Serin cini,25
2012,Sittelle torchepot,3
2012,Tarin des aulnes,869
2012,Vanneau huppé,1
2012,Vautour fauve,2
2012,Verdier d'Europe,80
2012,Épervier d'Europe,2378
2012,Étourneau sansonnet,31607
2013,Accenteur mouchet,8
2013,Aigle criard,1
2013,Aigle des steppes,1
2013,Aigle pomarin,1
2013,Aigle royal,1
2013,Aigrette garzette,2
2013,Alouette des champs,5218
2013,Alouette lulu,1944
2013,Autour des palombes,11
2013,Balbuzard pêcheur,163
2013,Bec-croisé des sapins,2
2013,Bergeronnette des ruisseaux,27
2013,Bergeronnette grise,637
2013,Bergeronnette printanière,287
2013,Bondrée apivore,8164
2013,Bruant des roseaux,5
2013,Busard Saint-Martin,37
2013,Busard cendré,17
2013,Busard des roseaux,761
2013,Busard pâle,1
2013,Buse variable,28010
2013,Canard chipeau,2
2013,Canard colvert,31
2013,Canard pilet,21
2013,Chardonneret élégant,106
2013,Chevalier aboyeur,3
2013,Choucas des tours,291
2013,Cigogne blanche,1116
2013,Cigogne noire,107
2013,Circaète Jean-le-Blanc,3
2013,Corbeau freux,780
2013,Courlis cendré,9
2013,Courlis corlieu,1
2013,Faucon crécerelle,819
2013,Faucon hobereau,76
2013,Faucon indéterminé,6
2013,Faucon pèlerin,11
2013,Faucon émerillon,51
2013,Goéland leucophée,54
2013,Grand Cormoran,11708
2013,Grand Gravelot,1
2013,Grande Aigrette,350
2013,Grive draine,38
2013,Grive mauvis,6
2013,Grive musicienne,1341
2013,Grosbec casse-noyaux,153
2013,Grue cendrée,1021
2013,Guêpier d'Europe,211
2013,Harle bièvre,10
2013,Hirondelle de fenêtre,2639
2013,Hirondelle de rivage,61
2013,Hirondelle de rochers,4
2013,Hirondelle indéterminée,114292
2013,Hirondelle rustique,12307
2013,Héron cendré,635
2013,Héron garde-boeufs,1
2013,Héron pourpré,2
2013,Labbe indéterminé,2
2013,Labbe parasite,2
2013,Limicole indéterminé,12
2013,Linotte mélodieuse,41
2013,Martinet noir,40599
2013,Martinet à ventre blanc,12
2013,Merle / Grive indéterminé,25412
2013,Milan noir,7721
2013,Milan royal,10444
2013,Mouette rieuse,105
2013,Mésange bleue,17
2013,Oie cendrée,69
2013,Oie indéterminée,1
2013,Passereau indéterminé,206445
2013,Pigeon biset domestique,1
2013,Pigeon colombin,5102
2013,Pigeon ramier,61066
2013,Pinson des arbres,227163
2013,Pinson du Nord,98
2013,Pipit des arbres,19
2013,Pipit farlouse,178
2013,Pipit rousseline,2
2013,Pluvier doré,20
2013,Rapace indéterminé,87
2013,Sarcelle d'hiver,7
2013,Serin cini,5
2013,Tarin des aulnes,264
2013,Vanneau huppé,17
2013,Vautour fauve,3
2013,Verdier d'Europe,74
2013,Épervier d'Europe,2563
2013,Étourneau sansonnet,91635
2014,Accenteur mouchet,6
2014,Aigle criard,1
2014,Aigle pomarin,3
2014,Alouette des champs,5130
2014,Alouette lulu,401
2014,Autour des palombes,2
2014,Balbuzard pêcheur,157
2014,Bergeronnette des ruisseaux,4
2014,Bergeronnette grise,1133
2014,Bergeronnette printanière,486
2014,Bondrée apivore,10279
2014,Bouvreuil pivoine,2
2014,Bruant des roseaux,9
2014,Bruant ortolan,1
2014,Busard Saint-Martin,20
2014,Busard cendré,33
2014,Busard des roseaux,683
2014,Busard pâle,1
2014,Buse variable,13547
2014,Bécasseau variable,2
2014,Bécassine des marais,2
2014,Chardonneret élégant,153
2014,Chevalier aboyeur,2
2014,Chevalier guignette,1
2014,Choucas des tours,107
2014,Cigogne blanche,1917
2014,Cigogne noire,181
2014,Circaète Jean-le-Blanc,2
2014,Corbeau freux,738
2014,Courlis cendré,19
2014,Courlis corlieu,10
2014,Faucon crécerelle,648
2014,Faucon hobereau,81
2014,Faucon indéterminé,7
2014,Faucon pèlerin,1
2014,Faucon émerillon,53
2014,Goéland leucophée,118
2014,Grand Cormoran,10864
2014,Grande Aigrette,217
2014,Grive draine,94
2014,Grive mauvis,20
2014,Grive musicienne,1345
2014,Grosbec casse-noyaux,501
2014,Grue cendrée,149
2014,Guêpier d'Europe,79
2014,Harle bièvre,29
2014,Hirondelle de fenêtre,1402
2014,Hirondelle de rochers,3
2014,Hirondelle indéterminée,106065
2014,Hirondelle rustique,7187
2014,Héron cendré,1027
2014,Labbe parasite,3
2014,Limicole indéterminé,21
2014,Linotte mélodieuse,102
2014,Martinet noir,31679
2014,Martinet à ventre blanc,14
2014,Merle / Grive indéterminé,209
2014,Milan noir,14923
2014,Milan royal,10120
2014,Mouette rieuse,115
2014,Mésange bleue,62
2014,Mésange noire,6
2014,Oie cendrée,125
2014,Passereau indéterminé,117490
2014,Pie-grièche grise,1
2014,Pigeon colombin,3550
2014,Pigeon ramier,34474
2014,Pinson des arbres,7382
2014,Pinson du Nord,35
2014,Pipit des arbres,16
2014,Pipit farlouse,202
2014,Pipit rousseline,3
2014,Pluvier doré,2
2014,Rapace indéterminé,70
2014,Rémiz penduline,1
2014,Serin cini,85
2014,Tarin des aulnes,166
2014,Vanneau huppé,25
2014,Vautour fauve,1
2014,Élanion blanc,1
2014,Épervier d'Europe,1525
2014,Étourneau sansonnet,72232
2016,Aigle indéterminé (Aquila),1
2016,Aigle pomarin,1
2016,Alouette des champs,2439
2016,Alouette lulu,366
2016,Autour des palombes,7
2016,Balbuzard pêcheur,80
2016,Bergeronnette des ruisseaux,23
2016,Bergeronnette grise,949
2016,Bergeronnette printanière,290
2016,Bondrée apivore,1391
2016,Bruant des roseaux,1
2016,Busard Saint-Martin,25
2016,Busard cendré,9
2016,Busard des roseaux,328
2016,Buse variable,17930
2016,Bécassine des marais,1
2016,Bécassine sourde,1
2016,Canard pilet,9
2016,Chardonneret élégant,209
2016,Chevalier aboyeur,1
2016,Choucas des tours,128
2016,Cigogne blanche,1019
2016,Cigogne noire,121
2016,Circaète Jean-le-Blanc,1
2016,Corbeau freux,561
2016,Courlis cendré,4
2016,Courlis corlieu,5
2016,Faucon crécerelle,365
2016,Faucon hobereau,21
2016,Faucon indéterminé,2
2016,Faucon pèlerin,4
2016,Faucon émerillon,20
2016,Goéland leucophée,75
2016,Grand Cormoran,5615
2016,Grande Aigrette,67
2016,Grive draine,28
2016,Grive musicienne,669
2016,Grosbec casse-noyaux,73
2016,Grue cendrée,301
2016,Guêpier d'Europe,271
2016,Harle bièvre,14
2016,Hirondelle de fenêtre,6146
2016,Hirondelle de rivage,15
2016,Hirondelle indéterminée,64205
2016,Hirondelle rustique,7903
2016,Héron cendré,438
2016,Labbe indéterminé,1
2016,Limicole indéterminé,35
2016,Linotte mélodieuse,147
2016,Martinet noir,15265
2016,Martinet à ventre blanc,12
2016,Merle / Grive indéterminé,82
2016,Milan noir,7283
2016,Milan royal,10321
2016,Mouette rieuse,28
2016,Mésange bleue,45
2016,Mésange noire,5
2016,Oie cendrée,9
2016,Passereau indéterminé,71547
2016,Pigeon colombin,1851
2016,Pigeon indéterminé,28705
2016,Pigeon ramier,24159
2016,Pinson des arbres,1002
2016,Pinson du Nord,1
2016,Pipit des arbres,42
2016,Pipit farlouse,52
2016,Pipit rousseline,1
2016,Rapace indéterminé,40
2016,Serin cini,15
2016,Sterne caspienne,4
2016,Tadorne de Belon,2
2016,Tarin des aulnes,249
2016,Vanneau huppé,33
2016,Verdier d'Europe,17
2016,Élanion blanc,1
2016,Épervier d'Europe,1272
2016,Étourneau sansonnet,28279
2017,Accenteur mouchet,257
2017,Aigle criard,1
2017,Aigle pomarin ou criard,1
2017,Aigrette garzette,8
2017,Alouette des champs,7957
2017,Alouette indéterminée,14
2017,Alouette lulu,403
2017,Autour des palombes,1
2017,Balbuzard pêcheur,162
2017,Bec-croisé des sapins,25
2017,Bergeronnette des ruisseaux,186
2017,Bergeronnette grise,5165
2017,Bergeronnette printanière,2137
2017,Bondrée apivore,3392
2017,Bouvreuil pivoine,58
2017,Bruant des roseaux,131
2017,Bruant jaune,6
2017,Busard Saint-Martin,4
2017,Busard cendré,12
2017,Busard des roseaux,707
2017,Busard indétereminé,2
2017,Busard pâle,5
2017,Buse variable,17501
2017,Bécasseau indéterminé,5
2017,Bécassine des marais,9
2017,Canard chipeau,2
2017,Canard pilet,1
2017,Chardonneret élégant,2042
2017,Chevalier culblanc,3
2017,Cigogne blanche,2947
2017,Cigogne noire,201
2017,Circaète Jean-le-Blanc,9
2017,Combattant varié,1
2017,Courlis cendré,8
2017,Courlis corlieu,21
2017,Faucon crécerelle,1034
2017,Faucon hobereau,49
2017,Faucon indéterminé,3
2017,Faucon kobez,1
2017,Faucon pèlerin,4
2017,Faucon émerillon,16
2017,Fauvette à tête noire,3
2017,Geai des chênes,476
2017,Gobemouche noir,3
2017,Goéland brun,1
2017,Goéland indéterminé,1
2017,Goéland leucophée,197
2017,Grand Corbeau,15
2017,Grand Cormoran,18605
2017,Grande Aigrette,188
2017,Grive draine,512
2017,Grive litorne,44
2017,Grive mauvis,97
2017,Grive musicienne,22191
2017,Grosbec casse-noyaux,1737
2017,Grue cendrée,405
2017,Guêpier d'Europe,524
2017,Hibou des marais,1
2017,Hirondelle de fenêtre,7793
2017,Hirondelle de rivage,153
2017,Hirondelle de rochers,11
2017,Hirondelle indéterminée,150074
2017,Hirondelle rustique,29219
2017,Hybride Aigle criard x pomarin,1
2017,Héron cendré,1779
2017,Ibis falcinelle,8
2017,Limicole indéterminé,105
2017,Linotte mélodieuse,843
2017,Martin-pêcheur d'Europe,1
2017,Martinet noir,50637
2017,Martinet pâle,1
2017,Martinet à ventre blanc,46
2017,Merle / Grive indéterminé,80
2017,Merle noir,284
2017,Merle à plastron,3
2017,Milan noir,14076
2017,Milan royal,10895
2017,Moineau friquet,42
2017,Mouette indéterminée,1
2017,Mouette mélanocéphale,2
2017,Mouette pygmée,1
2017,Mouette rieuse,888
2017,Mésange bleue,13080
2017,Mésange charbonnière,408
2017,Mésange indéterminée,512
2017,Mésange noire,219
2017,Mésange nonnette,1
2017,Mésange à longue queue,46
2017,Oie cendrée,64
2017,Oiseau indéterminé,4
2017,Pigeon colombin,3514
2017,Pigeon indéterminé,625
2017,Pigeon ramier,89948
2017,Pinson des arbres,56348
2017,Pipit des arbres,371
2017,Pipit farlouse,554
2017,Pipit rousseline,4
2017,Pipit spioncelle,24
2017,Pluvier doré,8
2017,Pouillot véloce,18
2017,Pouillot à grands sourcils,1
2017,Pygargue à queue blanche,1
2017,Rapace indéterminé,41
2017,Rougequeue noir,7
2017,Rougequeue à front blanc,3
2017,Rémiz penduline,11
2017,Sittelle torchepot,1
2017,Sizerin cabaret,4
2017,Sterne caspienne,8
2017,Tarier des prés,2
2017,Tarier pâtre,1
2017,Tarin des aulnes,1406
2017,Vanneau huppé,86
2017,Verdier d'Europe,45
2017,Élanion blanc,2
2017,Épervier d'Europe,1320
2018,Accenteur mouchet,60
2018,Aigle pomarin,1
2018,Aigrette garzette,2
2018,Alouette des champs,14237
2018,Alouette indéterminée,3
2018,Alouette lulu,164
2018,Balbuzard pêcheur,75
2018,Bec-croisé des sapins,103
2018,Bergeronnette des ruisseaux,52
2018,Bergeronnette grise,4963
2018,Bergeronnette printanière,854
2018,Bondrée apivore,5172
2018,Bruant des roseaux,354
2018,Busard Saint-Martin,17
2018,Busard cendré,8
2018,Busard des roseaux,396
2018,Busard indétereminé,2
2018,Busard indéterminé,2
2018,Buse pattue,1
2018,Buse variable,11063
2018,Bécassine des marais,1
2018,Canard indéterminé,5
2018,Canard pilet,2
2018,Canard siffleur,8
2018,Chardonneret élégant,3820
2018,Chevalier aboyeur,1
2018,Chevalier culblanc,20
2018,Cigogne blanche,1937
2018,Cigogne indéterminée,8
2018,Cigogne noire,121
2018,Circaète Jean-le-Blanc,2
2018,Corbeau freux,134
2018,Corneille noire,110
2018,Courlis cendré,5
2018,Courlis corlieu,1
2018,Faucon crécerelle,264
2018,Faucon hobereau,62
2018,Faucon indéterminé,6
2018,Faucon émerillon,26
2018,Fauvette à tête noire,1
2018,Fringille indéterminé,447
2018,Goéland brun,4
2018,Goéland indéterminé,19
2018,Goéland leucophée,22
2018,Grand Corbeau,36
2018,Grand Cormoran,11959
2018,Grande Aigrette,261
2018,Grimpereau des jardins,1
2018,Grive draine,471
2018,Grive litorne,6
2018,Grive mauvis,106
2018,Grive musicienne,6220
2018,Grosbec casse-noyaux,617
2018,Grue cendrée,1652
2018,Guifette noire,5
2018,Guêpier d'Europe,601
2018,Harle bièvre,15
2018,Hirondelle de fenêtre,281
2018,Hirondelle de rivage,41
2018,Hirondelle de rochers,8
2018,Hirondelle indéterminée,40688
2018,Hirondelle rustique,14733
2018,Héron cendré,1409
2018,Héron pourpré,1
2018,Ibis falcinelle,2
2018,Laridé indéterminé,4
2018,Limicole indéterminé,8
2018,Linotte mélodieuse,704
2018,Martinet noir,16488
2018,Martinet à ventre blanc,1
2018,Merle / Grive indéterminé,83
2018,Merle noir,15
2018,Milan noir,9386
2018,Milan royal,8954
2018,Moineau friquet,4
2018,Mouette indéterminée,2
2018,Mouette mélanocéphale,3
2018,Mouette pygmée,3
2018,Mouette rieuse,24
2018,Mésange bleue,74
2018,Mésange charbonnière,24
2018,Mésange indéterminée,15
2018,Oie cendrée,34
2018,Passereau indéterminé,42948
2018,Pigeon colombin,2880
2018,Pigeon indéterminé,2768
2018,Pigeon ramier,59171
2018,Pinson des arbres,17995
2018,Pinson du Nord,808
2018,Pipit des arbres,129
2018,Pipit farlouse,319
2018,Pipit spioncelle,2
2018,Pluvier doré,5
2018,Pouillot véloce,4
2018,Pygargue à queue blanche,1
2018,Rapace indéterminé,21
2018,Roitelet à triple bandeau,2
2018,Rougequeue noir,8
2018,Rémiz penduline,5
2018,Serin cini,898
2018,Sizerin cabaret,1
2018,Sterne caspienne,9
2018,Tarier des prés,1
2018,Tarin des aulnes,681
2018,Tourterelle turque,1
2018,Vanneau huppé,218
2018,Verdier d'Europe,42
2018,Épervier d'Europe,1094
2018,Étourneau sansonnet,40384
2019,Accenteur mouchet,115
2019,Aigle botté,1
2019,Aigle pomarin,1
2019,Aigle royal,1
2019,Aigrette garzette,1
2019,Alouette calandrelle,1
2019,Alouette des champs,4404
2019,Alouette indéterminée,23
2019,Alouette lulu,682
2019,Autour des palombes,1
2019,Balbuzard pêcheur,90
2019,Bergeronnette des ruisseaux,170
2019,Bergeronnette grise,5389
2019,Bergeronnette printanière,737
2019,Bondrée apivore,1677
2019,Bouvreuil pivoine,14
2019,Bouvreuil trompetant,6
2019,Bruant des roseaux,399
2019,Bruant fou,1
2019,Bruant jaune,16
2019,Bruant ortolan,1
2019,Bruant proyer,8
2019,Busard Saint-Martin,46
2019,Busard cendré,5
2019,Busard des roseaux,466
2019,Busard indétereminé,3
2019,Busard indéterminé,3
2019,Busard pâle,1
2019,Buse variable,12097
2019,Bécassine des marais,24
2019,Bécassine double,1
2019,Canard indéterminé,16
2019,Canard pilet,59
2019,Canard siffleur,5
2019,Canard souchet,47
2019,Cassenoix moucheté,2
2019,Chardonneret élégant,2838
2019,Chevalier aboyeur,3
2019,Chevalier culblanc,6
2019,Choucas des tours,187
2019,Cigogne blanche,3353
2019,Cigogne noire,115
2019,Circaète Jean-le-Blanc,6
2019,Corbeau freux,347
2019,Corneille noire,198
2019,Coucou gris,1
2019,Courlis cendré,12
2019,Courlis corlieu,10
2019,Faucon crécerelle,585
2019,Faucon hobereau,9
2019,Faucon indéterminé,5
2019,Faucon pèlerin,8
2019,Faucon émerillon,33
2019,Fringille indéterminé,9926
2019,Geai des chênes,1561
2019,Goéland brun,1
2019,Goéland cendré,1
2019,Goéland indéterminé,6
2019,Goéland leucophée,258
2019,Grand Cormoran,19740
2019,Grande Aigrette,467
2019,Grive draine,303
2019,Grive litorne,585
2019,Grive mauvis,478
2019,Grive musicienne,1496
2019,Grosbec casse-noyaux,1055
2019,Grue cendrée,1066
2019,Guêpier d'Europe,822
2019,Harle bièvre,53
2019,Hibou des marais,1
2019,Hirondelle de fenêtre,873
2019,Hirondelle de rivage,94
2019,Hirondelle de rochers,35
2019,Hirondelle indéterminée,10211
2019,Hirondelle rustique,8520
2019,Héron cendré,1574
2019,Héron garde-boeufs,1
2019,Héron pourpré,1
2019,Limicole indéterminé,23
2019,Linotte mélodieuse,336
2019,Martinet noir,17928
2019,Martinet à ventre blanc,63
2019,Merle / Grive indéterminé,10011
2019,Merle noir,7
2019,Milan noir,8481
2019,Milan royal,10839
2019,Moineau domestique,7
2019,Moineau friquet,3
2019,Mouette mélanocéphale,6
2019,Mouette rieuse,924
2019,Mésange bleue,4619
2019,Mésange charbonnière,589
2019,Mésange indéterminée,1403
2019,Mésange noire,96
2019,Mésange à longue queue,3
2019,Oie cendrée,173
2019,Passereau indéterminé,16929
2019,Pic épeiche,1
2019,Pigeon biset domestique,5
2019,Pigeon colombin,2057
2019,Pigeon indéterminé,18543
2019,Pigeon ramier,19872
2019,Pinson des arbres,52670
2019,Pinson du Nord,5641
2019,Pipit des arbres,64
2019,Pipit farlouse,948
2019,Pipit rousseline,1
2019,Pipit spioncelle,42
2019,Pouillot véloce,1
2019,Rapace indéterminé,104
2019,Rougequeue noir,1
2019,Rémiz penduline,2
2019,Sarcelle d'été,15
2019,Serin cini,191
2019,Sittelle torchepot,2
2019,Sterne caspienne,8
2019,Sterne pierregarin,7
2019,Tarin des aulnes,2447
2019,Vanneau huppé,271
2019,Vautour fauve,7
2019,Verdier d'Europe,709
2019,Épervier d'Europe,1081
2019,Étourneau sansonnet,40866
2020,Accenteur mouchet,64
2020,Aigle indéterminé (Aquila),1
2020,Aigle pomarin ou criard,1
2020,Aigrette garzette,19
2020,Alouette des champs,791
2020,Alouette indéterminée,284
2020,Alouette lulu,804
2020,Balbuzard pêcheur,93
2020,Bec-croisé des sapins,30
2020,Bergeronnette des ruisseaux,51
2020,Bergeronnette grise,4091
2020,Bergeronnette printanière,516
2020,Bondrée apivore,4984
2020,Bruant des roseaux,36
2020,Bruant fou,2
2020,Bruant jaune,3
2020,Bruant proyer,14
2020,Bruant zizi,1
2020,Busard Saint-Martin,17
2020,Busard cendré,13
2020,Busard des roseaux,329
2020,Busard indétereminé,17
2020,Busard indéterminé,17
2020,Busard pâle,2
2020,Buse variable,8377
2020,Bécassine des marais,13
2020,Canard indéterminé,55
2020,Canard pilet,10
2020,Chardonneret élégant,913
2020,Chevalier aboyeur,3
2020,Choucas des tours,8
2020,Cigogne blanche,3472
2020,Cigogne noire,82
2020,Circaète Jean-le-Blanc,4
2020,Corbeau freux,21
2020,Corneille noire,16
2020,Courlis cendré,1
2020,Faucon crécerelle,413
2020,Faucon hobereau,19
2020,Faucon indéterminé,62
2020,Faucon pèlerin,4
2020,Faucon émerillon,24
2020,Fringille indéterminé,1386
2020,Goéland indéterminé,96
2020,Goéland leucophée,116
2020,Grand Cormoran,10920
2020,Grande Aigrette,188
2020,Grive draine,41
2020,Grive litorne,11
2020,Grive mauvis,6
2020,Grive musicienne,470
2020,Grosbec casse-noyaux,42
2020,Grue cendrée,380
2020,Guêpier d'Europe,643
2020,Harle bièvre,48
2020,Hirondelle de fenêtre,6208
2020,Hirondelle de rivage,34
2020,Hirondelle de rochers,12
2020,Hirondelle indéterminée,12943
2020,Hirondelle rustique,14266
2020,Héron cendré,590
2020,Héron pourpré,1
2020,Limicole indéterminé,14
2020,Linotte mélodieuse,138
2020,Martinet noir,6175
2020,Martinet pâle,1
2020,Martinet à ventre blanc,140
2020,Merle / Grive indéterminé,487
2020,Merle noir,71
2020,Milan noir,6596
2020,Milan royal,11862
2020,Moineau friquet,9
2020,Mouette rieuse,906
2020,Mésange bleue,21
2020,Mésange charbonnière,18
2020,Oie cendrée,43
2020,Passereau indéterminé,5801
2020,Pigeon biset domestique,6
2020,Pigeon colombin,2575
2020,Pigeon indéterminé,359
2020,Pigeon ramier,23136
2020,Pinson des arbres,7740
2020,Pinson du Nord,11
2020,Pipit des arbres,120
2020,Pipit farlouse,1145
2020,Pouillot véloce,1
2020,Rapace indéterminé,100
2020,Serin cini,20
2020,Sizerin cabaret,3
2020,Tarin des aulnes,1937
2020,Vanneau huppé,34
2020,Verdier d'Europe,92
2020,Élanion blanc,2
2020,Épervier d'Europe,578
2020,Étourneau sansonnet,16672
2021,Accenteur mouchet,60
2021,Alouette des champs,2069
2021,Alouette indéterminée,212
2021,Alouette lulu,486
2021,Balbuzard pêcheur,97
2021,Bec-croisé des sapins,49
2021,Bergeronnette des ruisseaux,117
2021,Bergeronnette grise,2291
2021,Bergeronnette printanière,340
2021,Bondrée apivore,4318
2021,Bouvreuil pivoine,10
2021,Bruant des roseaux,66
2021,Bruant jaune,11
2021,Bruant proyer,3
2021,Busard Saint-Martin,27
2021,Busard cendré,4
2021,Busard des roseaux,543
2021,Busard indéterminé,5
2021,Busard pâle,3
2021,Buse variable,18950
2021,Bécasseau variable,3
2021,Bécassine des marais,1
2021,Canard indéterminé,5
2021,Canard pilet,18
2021,Cassenoix moucheté,2
2021,Chardonneret élégant,871
2021,Chevalier aboyeur,3
2021,Choucas des tours,423
2021,Cigogne blanche,4388
2021,Cigogne noire,114
2021,Circaète Jean-le-Blanc,5
2021,Corbeau freux,359
2021,Courlis cendré,15
2021,Courlis corlieu,18
2021,Courlis indéterminé,1
2021,Faucon crécerelle,757
2021,Faucon hobereau,37
2021,Faucon indéterminé,5
2021,Faucon pèlerin,5
2021,Faucon émerillon,28
2021,Fringille indéterminé,1607
2021,Geai des chênes,1891
2021,Goéland brun,1
2021,Goéland indéterminé,3
2021,Goéland leucophée,165
2021,Grand Cormoran,15750
2021,Grand Gravelot,1
2021,Grande Aigrette,80
2021,Grive draine,206
2021,Grive litorne,26
2021,Grive mauvis,230
2021,Grive musicienne,5202
2021,Grosbec casse-noyaux,458
2021,Grue cendrée,536
2021,Guêpier d'Europe,746
2021,Harle bièvre,17
2021,Hirondelle de fenêtre,5045
2021,Hirondelle de rivage,51
2021,Hirondelle de rochers,63
2021,Hirondelle indéterminée,12450
2021,Hirondelle rustique,11700
2021,Héron cendré,562
2021,Héron garde-boeufs,4
2021,Héron pourpré,2
2021,Ibis sacré,1
2021,Labbe parasite,1
2021,Linotte mélodieuse,508
2021,Martinet noir,22867
2021,Martinet à ventre blanc,18
2021,Merle / Grive indéterminé,683
2021,Merle noir,20
2021,Milan indéterminé,3
2021,Milan noir,16418
2021,Milan royal,17876
2021,Moineau friquet,6
2021,Mouette indéterminée,67
2021,Mouette mélanocéphale,2
2021,Mouette rieuse,497
2021,Mésange bleue,463
2021,Mésange charbonnière,216
2021,Mésange indéterminée,35
2021,Mésange noire,12
2021,Oie cendrée,52
2021,Passereau indéterminé,13116
2021,Petit limicole indéterminé,8
2021,Pigeon colombin,2241
2021,Pigeon indéterminé,46642
2021,Pigeon ramier,77022
2021,Pinson des arbres,14962
2021,Pinson des arbres / du Nord,2308
2021,Pinson du Nord,5127
2021,Pipit des arbres,137
2021,Pipit farlouse,921
2021,Pipit indéterminé,10
2021,Pipit rousseline,1
2021,Pipit spioncelle,13
2021,Pygargue à queue blanche,1
2021,Rapace indéterminé,143
2021,Rémiz penduline,12
2021,Serin cini,236
2021,Spatule blanche,3
2021,Sterne caspienne,2
2021,Tadorne casarca,3
2021,Tarin des aulnes,875
2021,Traquet motteux,1
2021,Vanneau huppé,7
2021,Vautour fauve,1
2021,Verdier d'Europe,170
2021,Élanion blanc,3
2021,Épervier d'Europe,1238
2021,Étourneau sansonnet,55356
2023,Accenteur mouchet,208
2023,Aigle pomarin,1
2023,Aigrette garzette,3
2023,Alouette des champs,6920
2023,Alouette indéterminée,53
2023,Alouette lulu,768
2023,Autour / Epervier,2
2023,Autour des palombes,5
2023,Balbuzard pêcheur,73
2023,Bec-croisé des sapins,50
2023,Bergeronnette des ruisseaux,165
2023,Bergeronnette grise,5373
2023,Bergeronnette printanière,2179
2023,Bondrée apivore,3188
2023,Bouvreuil pivoine,6
2023,Bruant des roseaux,309
2023,Bruant jaune,13
2023,Bruant proyer,2
2023,Bruant spec.,14
2023,Busard Saint-Martin,20
2023,Busard Saint-Martin / cendré / pâle,2
2023,Busard cendré,7
2023,Busard des roseaux,401
2023,Busard indéterminé,2
2023,Busard pâle,4
2023,Busard pâle / cendré,3
2023,Buse variable,6169
2023,Bécassine des marais,3
2023,Canard indéterminé,62
2023,Canard pilet,26
2023,Chardonneret élégant,2283
2023,Chevalier aboyeur,6
2023,Chevalier arlequin,1
2023,Chevalier indéterminé (Tringa),3
2023,Chevalier sylvain,6
2023,Choucas des tours,129
2023,Cigogne blanche,5648
2023,Cigogne indéterminée,6
2023,Cigogne noire,85
2023,Circaète Jean-le-Blanc,11
2023,Corbeau freux,51
2023,Cormoran pygmée,6
2023,Corneille mantelée,1
2023,Courlis cendré,17
2023,Courlis indéterminé,47
2023,Faucon crécerelle,570
2023,Faucon hobereau,37
2023,Faucon indéterminé,9
2023,Faucon pèlerin,14
2023,Faucon émerillon,48
2023,Fringille indéterminé,1048
2023,Geai des chênes,7
2023,Goéland brun,2
2023,Goéland indéterminé,222
2023,Goéland leucophée,204
2023,Grand Corbeau,104
2023,Grand Cormoran,20781
2023,Grande Aigrette,291
2023,Grive draine,327
2023,Grive litorne,73
2023,Grive mauvis,843
2023,Grive musicienne,786
2023,Grosbec casse-noyaux,812
2023,Grue cendrée,921
2023,Guêpier d'Europe,778
2023,Harle bièvre,94
2023,Hirondelle de fenêtre,5626
2023,Hirondelle de rivage,254
2023,Hirondelle de rochers,17
2023,Hirondelle indéterminée,1493
2023,Hirondelle rustique,37172
2023,Héron cendré,1943
2023,Héron garde-boeufs,4
2023,Héron pourpré,21
2023,Limicole indéterminé,98
2023,Linotte mélodieuse,1305
2023,Martinet noir,19746
2023,Martinet à ventre blanc,90
2023,Merle / Grive indéterminé,654
2023,Merle noir,21
2023,Milan noir,7265
2023,Milan royal,13046
2023,Mouette indéterminée,30
2023,Mouette mélanocéphale,5
2023,Mouette rieuse,112
2023,Mésange bleue,1166
2023,Mésange charbonnière,59
2023,Mésange indéterminée,115
2023,Mésange noire,63
2023,Oie cendrée,23
2023,Ouette d’Égypte,4
2023,Passereau indéterminé,16321
2023,Petit Gravelot,1
2023,Pic épeiche,4
2023,Pigeon biset domestique,1
2023,Pigeon colombin,7055
2023,Pigeon indéterminé,187
2023,Pigeon ramier,90681
2023,Pinson des arbres,22581
2023,Pinson des arbres / du Nord,146
2023,Pinson du Nord,87
2023,Pipit des arbres,104
2023,Pipit farlouse,1808
2023,Pipit indéterminé,1
2023,Pipit rousseline,4
2023,Rapace indéterminé,58
2023,Roitelet à triple bandeau,1
2023,Rougegorge familier,1
2023,Rougequeue noir,4
2023,Rougequeue à front blanc,2
2023,Rémiz penduline,8
2023,Serin cini,88
2023,Sizerin flammé/ Sizerin cabaret,1
2023,Spatule blanche,1
2023,Sterne caspienne,6
2023,Tadorne de Belon,21
2023,Tarin des aulnes,7652
2023,Verdier d'Europe,283
2023,ardéidé spec.,12
2023,bergeronnette spec.,22
2023,buse ou bondrée,18
2023,corvidé spec.,42
2023,gravelot spec.,1
2023,laridé spec.,1
2023,pouillot spec.,1
2023,Élanion blanc,1
2023,Épervier d'Europe,866
2023,Étourneau sansonnet,75799
2024,Accenteur mouchet,54
2024,Aigle pomarin ou criard,1
2024,Aigle royal,1
2024,Aigrette garzette,5
2024,Alouette des champs,1605
2024,Alouette indéterminée,1
2024,Alouette lulu,1023
2024,Autour des palombes,3
2024,Balbuzard pêcheur,92
2024,Bec-croisé des sapins,6
2024,Bergeronnette des ruisseaux,188
2024,Bergeronnette grise,2650
2024,Bergeronnette printanière,717
2024,Bergeronnette sp.,15
2024,Bondrée apivore,1276
2024,Bouvreuil pivoine,9
2024,Bruant des roseaux,150
2024,Bruant jaune,8
2024,Bruant ortolan,4
2024,Bruant proyer,2
2024,Bruant sp.,11
2024,Bruant zizi,3
2024,Busard Saint-Martin,10
2024,Busard Saint-Martin / cendré / pâle,3
2024,Busard cendré,8
2024,Busard des roseaux,584
2024,Busard indéterminé,4
2024,Busard pâle,4
2024,Busard pâle / cendré,2
2024,Buse indéterminée,2
2024,Buse ou Bondrée,4
2024,Buse variable,9922
2024,Bécasseau variable,3
2024,Bécassine des marais,4
2024,Canard indéterminé,1
2024,Canard pilet,9
2024,Chardonneret élégant,1248
2024,Choucas des tours,352
2024,Cigogne blanche,4719
2024,Cigogne noire,76
2024,Circaète Jean-le-Blanc,9
2024,Corbeau freux,164
2024,Corneille noire,12
2024,Coucou gris,1
2024,Courlis cendré,5
2024,Courlis corlieu,5
2024,Faucon crécerelle,1204
2024,Faucon d'Eléonore,1
2024,Faucon hobereau,17
2024,Faucon hobereau / Faucon kobez,1
2024,Faucon indéterminé,3
2024,Faucon pèlerin,1
2024,Faucon émerillon,29
2024,Fauvette à tête noire,1
2024,Fringille indéterminé,1209
2024,Fuligule milouin,13
2024,Goéland brun,2
2024,Goéland cendré,1
2024,Goéland indéterminé,224
2024,Goéland leucophée,292
2024,Goéland marin,1
2024,Goéland pontique,1
2024,Grand Corbeau,35
2024,Grand Cormoran,19708
2024,Grand Gravelot,2
2024,Grande Aigrette,476
2024,Grive draine,160
2024,Grive mauvis,108
2024,Grive musicienne,484
2024,Grosbec casse-noyaux,602
2024,Grue cendrée,260
2024,Guêpier d'Europe,972
2024,Hirondelle de fenêtre,17583
2024,Hirondelle de rivage,193
2024,Hirondelle de rochers,13
2024,Hirondelle indéterminée,15748
2024,Hirondelle rustique,15032
2024,Hybride Corneille noire x mantelée,1
2024,Héron cendré,2094
2024,Héron garde-boeufs,4
2024,Héron pourpré,7
2024,Laridé indéterminé,17
2024,Linotte mélodieuse,913
2024,Martinet noir,9502
2024,Martinet à ventre blanc,73
2024,Merle / Grive indéterminé,751
2024,Merle noir,16
2024,Merle à plastron,96
2024,Milan indéterminé,1
2024,Milan noir,6529
2024,Milan royal,17082
2024,Moineau friquet,1
2024,Mouette indéterminée,17
2024,Mouette mélanocéphale,72
2024,Mouette rieuse,500
2024,Mésange bleue,5466
2024,Mésange charbonnière,100
2024,Mésange huppée,3
2024,Mésange indéterminée,17
2024,Mésange noire,89
2024,Mésange nonnette,2
2024,Mésange à longue queue,17
2024,Oie cendrée,18
2024,Ouette d’Égypte,9
2024,Passereau indéterminé,4623
2024,Petit limicole indéterminé,14
2024,Pigeon biset domestique,2
2024,Pigeon colombin,7259
2024,Pigeon indéterminé,6524
2024,Pigeon ramier,178306
2024,Pigeon ramier & Pigeon sp.,184830
2024,Pinson des arbres,17926
2024,Pinson des arbres / du Nord,278
2024,Pinson du Nord,829
2024,Pipit des arbres,126
2024,Pipit farlouse,643
2024,Pipit indéterminé,54
2024,Pipit rousseline,3
2024,Pipit spioncelle,2
2024,Pipit à gorge rousse,1
2024,Pluvier doré,1
2024,Pouillot indéterminé,9
2024,Pouillot véloce,9
2024,Pouillot à grands sourcils,1
2024,Pygargue à queue blanche,1
2024,Rapace indéterminé,59
2024,Roitelet à triple bandeau,1
2024,Rollier d’Europe,3
2024,Rougequeue noir,13
2024,Serin cini,264
2024,Sittelle torchepot,2
2024,Sizerin flammé/cabaret,1
2024,Sterne caspienne,14
2024,Sterne pierregarin,1
2024,Tadorne de Belon,16
2024,Tarin des aulnes,1196
2024,Tourterelle des bois,1
2024,Vanneau huppé,59
2024,Vautour fauve,6
2024,Verdier d'Europe,203
2024,Élanion blanc,1
2024,Épervier d'Europe,1065
2024,Étourneau sansonnet,26282
2025,Accenteur mouchet,133
2025,Aigle criard,1
2025,Aigle pomarin ou criard,2
2025,Aigle royal,1
2025,Aigrette garzette,14
2025,Alouette des champs,8056
2025,Alouette indéterminée,29
2025,Alouette lulu,421
2025,Autour des palombes,8
2025,Balbuzard pêcheur,121
2025,Barge rousse,1
2025,Bec-croisé des sapins,62
2025,Bergeronnette des ruisseaux,128
2025,Bergeronnette grise,2820
2025,Bergeronnette printanière,3135
2025,Bihoreau gris,1
2025,Bondrée apivore,4408
2025,Bouvreuil pivoine,3
2025,Bruant des roseaux,644
2025,Bruant fou,2
2025,Bruant indéterminé,41
2025,Bruant jaune,8
2025,Bruant ortolan,24
2025,Bruant proyer,37
2025,Bruant zizi,29
2025,Busard Saint-Martin,24
2025,Busard Saint-Martin / cendré / pâle,2
2025,Busard cendré,9
2025,Busard des roseaux,822
2025,Busard indéterminé,3
2025,Busard pâle,11
2025,Busard pâle / cendré,4
2025,Buse féroce,1
2025,Buse ou Bondrée,5
2025,Buse variable,12913
2025,Bécassine des marais,1
2025,Canard indéterminé,70
2025,Canard pilet,56
2025,Canard siffleur,60
2025,Canard souchet,9
2025,Chardonneret élégant,2643
2025,Chevalier aboyeur,4
2025,Chevalier guignette,2
2025,Chevalier indéterminé (Tringa),6
2025,Chevalier sylvain,13
2025,Choucas des tours,637
2025,Cigogne blanche,7749
2025,Cigogne noire,137
2025,Circaète Jean-le-Blanc,20
2025,Corbeau freux,561
2025,Cormoran pygmée,1
2025,Corneille noire,67
2025,Corvidé indéterminé,183
2025,Courlis cendré,4
2025,Courlis corlieu,153
2025,Faucon crécerelle,1376
2025,Faucon crécerelle/crécerellette,1
2025,Faucon hobereau,107
2025,Faucon hobereau / Faucon kobez,2
2025,Faucon indéterminé,18
2025,Faucon kobez,4
2025,Faucon pèlerin,5
2025,Faucon émerillon,38
2025,Flamant rose,40
2025,Fringille indéterminé,585
2025,Garzette / Garde-boeufs,1
2025,Gobemouche noir,7
2025,Goéland brun,8
2025,Goéland cendré,1
2025,Goéland indéterminé,292
2025,Goéland leucophée,235
2025,Grand Corbeau,6
2025,Grande Aigrette,418
2025,Grive draine,153
2025,Grive litorne,9
2025,Grive mauvis,80
2025,Grive musicienne,1348
2025,Grosbec casse-noyaux,769
2025,Grue cendrée,965
2025,Guêpier d'Europe,626
2025,Hirondelle de fenêtre,166004
2025,Hirondelle de rivage,134
2025,Hirondelle de rochers,7
2025,Hirondelle rustique,50960
2025,Héron cendré,2199
2025,Héron garde-boeufs,4
2025,Héron pourpré,12
2025,Ibis chauve,3
2025,Ibis falcinelle,20
2025,Laridé indéterminé,3
2025,Limicole indéterminé,4
2025,Linotte mélodieuse,3154
2025,Loriot d'Europe,3
2025,Martinet noir/pâle,1
2025,Martinet à ventre blanc,368
2025,Merle / Grive indéterminé,551
2025,Merle noir,2
2025,Milan noir,9046
2025,Milan royal,19059
2025,Mouette indéterminée,10
2025,Mouette mélanocéphale,15
2025,Mouette rieuse,1512
2025,Mésange bleue,1550
2025,Mésange charbonnière,21
2025,Mésange indéterminée,2
2025,Oie cendrée,15
2025,Oie indéterminée,16
2025,Passereau indéterminé,7483
2025,Petit Gravelot,3
2025,Petit limicole indéterminé,3
2025,Pic épeiche,2
2025,Pigeon biset domestique,4
2025,Pigeon colombin,8838
2025,Pinson des arbres / du Nord,67
2025,Pinson du Nord,2376
2025,Pipit de Richard,1
2025,Pipit des arbres,531
2025,Pipit des arbres/dos olive,3
2025,Pipit farlouse,2388
2025,Pipit indéterminé,104
2025,Pipit rousseline,1
2025,Pipit spioncelle,68
2025,Pipit à gorge rousse,1
2025,Pouillot indéterminé,6
2025,Pouillot véloce,7
2025,Pygargue à queue blanche,4
2025,Rapace indéterminé,37
2025,Rapace moyen,150
2025,Roitelet indéterminé,16
2025,Rollier d’Europe,5
2025,Rougequeue noir,12
2025,Rémiz penduline,14
2025,Serin cini,492
2025,Sizerin cabaret,1
2025,Sterne caspienne,11
2025,Tadorne de Belon,7
2025,Tarin des aulnes,2662
2025,Tourterelle des bois,1
2025,Traquet motteux,1
2025,Vanneau huppé,202
2025,Venturon montagnard,1
2025,Verdier d'Europe,285
2025,Élanion blanc,1
2025,Épervier d'Europe,1969
