source,taxon_name_original,trektellen_species_id,avibase_id,kind,mapping_note,review
historical,Accenteur mouchet,,avibase-26530C86,bird,taxonomy.csv (eBird),
historical,Aigle botté,,avibase-4B8CC285,bird,taxonomy.csv (eBird),
historical,Aigle criard,,avibase-BAC4CA22,bird,taxonomy.csv (eBird),
historical,Aigle des steppes,,avibase-A635F565,bird,taxonomy.csv (eBird),
historical,Aigle indéterminé,,avibase-69E3504C,bird,taxonomy.csv (eBird),
historical,Aigle indéterminé (Aquila),,avibase-7E9CC505,bird,manual: Aquila sp.,
historical,Aigle pomarin,,avibase-C2565B65,bird,taxonomy.csv (eBird),
historical,Aigle pomarin ou criard,,avibase-2A16982E,bird,taxonomy.csv (eBird),
historical,Aigle royal,,avibase-5F8E7CA8,bird,taxonomy.csv (eBird),
historical,Aigrette garzette,,avibase-F2858F9F,bird,taxonomy.csv (eBird),
historical,Alouette calandrelle,,avibase-4091A51E,bird,taxonomy.csv (eBird),
historical,Alouette des champs,,avibase-ED2AC04E,bird,taxonomy.csv (eBird),
historical,Alouette indéterminée,,avibase-20C23C74,bird,taxonomy.csv (eBird),
historical,Alouette lulu,,avibase-742EC2F1,bird,taxonomy.csv (eBird),
historical,Aucune espèce,,,no_species,Explicit no-species entry: retain survey and annotate; not evidence of taxonomic absence,
historical,Autour / Epervier,,avibase-3598C8A6,bird,taxonomy.csv (eBird),
historical,Autour des palombes,,avibase-95DD1855,bird,taxonomy.csv (eBird),
historical,Avocette élégante,,avibase-C73ED2F5,bird,taxonomy.csv (eBird),
historical,Balbuzard pêcheur,,avibase-1327AC55,bird,taxonomy.csv (eBird),
historical,Barge rousse,,avibase-9A684C99,bird,taxonomy.csv (eBird),
historical,Bec-croisé des sapins,,avibase-135564AA,bird,taxonomy.csv (eBird),
historical,Bergeronnette des ruisseaux,,avibase-AE073221,bird,taxonomy.csv (eBird),
historical,Bergeronnette grise,,avibase-400E032C,bird,taxonomy.csv (eBird),
historical,Bergeronnette printanière,,avibase-5983D677,bird,taxonomy.csv (eBird),
historical,Bihoreau gris,,avibase-6BB94D7E,bird,taxonomy.csv (eBird),
historical,Bondrée apivore,,avibase-ED5A7E8F,bird,taxonomy.csv (eBird),
historical,Bouvreuil pivoine,,avibase-24764DC7,bird,taxonomy.csv (eBird),
historical,Bouvreuil trompeteur,,avibase-24764DC7,bird,manual: Pyrrhula pyrrhula (species; the trumpeting call type is not a taxon),
historical,Bruant des roseaux,,avibase-C0B97874,bird,taxonomy.csv (eBird),
historical,Bruant fou,,avibase-4836E64E,bird,taxonomy.csv (eBird),
historical,Bruant jaune,,avibase-56FB47C0,bird,taxonomy.csv (eBird),
historical,Bruant ortolan,,avibase-47210561,bird,taxonomy.csv (eBird),
historical,Bruant proyer,,avibase-9A87EBB0,bird,taxonomy.csv (eBird),
historical,Bruant zizi,,avibase-9AAB8C21,bird,taxonomy.csv (eBird),
historical,Busard Saint-Martin,,avibase-F558C7F9,bird,taxonomy.csv (eBird),
historical,Busard cendré,,avibase-63B6412E,bird,taxonomy.csv (eBird),
historical,Busard des roseaux,,avibase-E2A19474,bird,taxonomy.csv (eBird),
historical,Busard indéterminé,,avibase-C235C72D,bird,taxonomy.csv (eBird),
historical,Busard pâle,,avibase-22647E26,bird,taxonomy.csv (eBird),
historical,Busard pâle / cendré,,avibase-AEEF72BC,bird,taxonomy.csv (eBird),
historical,Buse indéterminée,,avibase-E91E7830,bird,taxonomy.csv (eBird),
historical,Buse pattue,,avibase-90B13ACF,bird,taxonomy.csv (eBird),
historical,Buse variable,,avibase-3C0C325D,bird,taxonomy.csv (eBird),
historical,Bécasseau variable,,avibase-15369E8E,bird,taxonomy.csv (eBird),
historical,Bécassine des marais,,avibase-9151E0BA,bird,taxonomy.csv (eBird),
historical,Bécassine sourde,,avibase-1A15F0C6,bird,taxonomy.csv (eBird),
historical,Canard chipeau,,avibase-C235A4D7,bird,taxonomy.csv (eBird),
historical,Canard colvert,,avibase-85625D75,bird,taxonomy.csv (eBird),
historical,Canard indéterminé,,avibase-D7BF5045,bird,taxonomy.csv (eBird),
historical,Canard pilet,,avibase-56CCA717,bird,taxonomy.csv (eBird),
historical,Canard siffleur,,avibase-15EE0D36,bird,taxonomy.csv (eBird),
historical,Canard souchet,,avibase-ED4CE8E7,bird,taxonomy.csv (eBird),
historical,Cassenoix moucheté,,avibase-D9B001DF,bird,Cassenoix moucheté denotes Northern Nutcracker (Nucifraga caryocatactes); excludes Southern Nutcracker. Source scope confirmed by dataset owner 2026-10-07.,owner-confirmed 2026-10-07
historical,Chardonneret élégant,,avibase-59353A05,bird,European Goldfinch only (Carduelis carduelis); excludes Grey-crowned Goldfinch. Source scope confirmed by dataset owner 2026-10-07.,owner-confirmed 2026-10-07
historical,Chevalier aboyeur,,avibase-18B415D2,bird,taxonomy.csv (eBird),
historical,Chevalier arlequin,,avibase-0895DD84,bird,taxonomy.csv (eBird),
historical,Chevalier culblanc,,avibase-A7B17EFC,bird,taxonomy.csv (eBird),
historical,Chevalier gambette,,avibase-D6BFC73A,bird,taxonomy.csv (eBird),
historical,Chevalier guignette,,avibase-8548B07E,bird,taxonomy.csv (eBird),
historical,Chevalier indéterminé (Tringa),,avibase-59C39D59,bird,manual: Tringa sp.,
historical,Chevalier sylvain,,avibase-8E67DC5F,bird,taxonomy.csv (eBird),
historical,Choucas des tours,,avibase-D4C32F8E,bird,taxonomy.csv (eBird),
historical,Cigogne blanche,,avibase-28825494,bird,taxonomy.csv (eBird),
historical,Cigogne indéterminée,,avibase-E6E02622,bird,taxonomy.csv (eBird),
historical,Cigogne noire,,avibase-E2817DAE,bird,taxonomy.csv (eBird),
historical,Circaète Jean-le-Blanc,,avibase-8372FFBA,bird,taxonomy.csv (eBird),
historical,Cisticole des joncs,,avibase-AEE2063F,bird,taxonomy.csv (eBird),
historical,Combattant varié,,avibase-2DABF98F,bird,taxonomy.csv (eBird),
historical,Corbeau freux,,avibase-1078FFEA,bird,taxonomy.csv (eBird),
historical,Corneille noire,,avibase-FD45C1D7,bird,Corvus corone corone (AviList subspecies; eBird species Carrion Crow excludes cornix),
historical,Coucou gris,,avibase-B3D2C3C5,bird,taxonomy.csv (eBird),
historical,Courlis cendré,,avibase-3BB5CBA6,bird,taxonomy.csv (eBird),
historical,Courlis corlieu,,avibase-082F3A63,bird,Courlis corlieu / Whimbrel denotes Eurasian Whimbrel (Numenius phaeopus); excludes Hudsonian Whimbrel. Source scope confirmed by dataset owner 2026-10-07.,owner-confirmed 2026-10-07
historical,Courlis indéterminé,,avibase-568DE12E,bird,taxonomy.csv (eBird),
historical,Faucon crécerelle,,avibase-2DAB45B8,bird,taxonomy.csv (eBird),
historical,Faucon hobereau,,avibase-E91E287A,bird,taxonomy.csv (eBird),
historical,Faucon indéterminé,,avibase-A28F0D10,bird,taxonomy.csv (eBird),
historical,Faucon kobez,,avibase-997A9437,bird,taxonomy.csv (eBird),
historical,Faucon lanier,,avibase-3D3808E3,bird,taxonomy.csv (eBird),
historical,Faucon pèlerin,,avibase-47E58408,bird,taxonomy.csv (eBird),
historical,Faucon émerillon,,avibase-F3DA111C,bird,taxonomy.csv (eBird),
historical,Fauvette à tête noire,,avibase-61F9065B,bird,taxonomy.csv (eBird),
historical,Fringille indéterminé,,avibase-B20C6C46,bird,taxonomy.csv (eBird),
historical,Fuligule milouin,,avibase-A96692E0,bird,taxonomy.csv (eBird),
historical,Garrot à oeil d’or,,avibase-68EA281A,bird,taxonomy.csv (eBird),
historical,Geai des chênes,,avibase-D8D10F2C,bird,taxonomy.csv (eBird),
historical,Gobemouche gris,,avibase-EE8206E7,bird,taxonomy.csv (eBird),
historical,Gobemouche noir,,avibase-6E352E18,bird,taxonomy.csv (eBird),
historical,Goéland brun,,avibase-2D52E3A5,bird,taxonomy.csv (eBird),
historical,Goéland cendré,,avibase-00DA9D91,bird,taxonomy.csv (eBird),
historical,Goéland indéterminé,,avibase-8D04DAAF,bird,taxonomy.csv (eBird),
historical,Goéland leucophée,,avibase-E074D706,bird,taxonomy.csv (eBird),
historical,Grand Corbeau,,avibase-B9B272F4,bird,taxonomy.csv (eBird),
historical,Grand Cormoran,,avibase-3DF5C587,bird,taxonomy.csv (eBird),
historical,Grand Gravelot,,avibase-EDA37B7C,bird,taxonomy.csv (eBird),
historical,Grand Labbe,,avibase-BB041C6E,bird,taxonomy.csv (eBird),
historical,Grande Aigrette,,avibase-49D9148A,bird,taxonomy.csv (eBird),
historical,Grimpereau des jardins,,avibase-552E2BA9,bird,taxonomy.csv (eBird),
historical,Grive draine,,avibase-A95B43F1,bird,taxonomy.csv (eBird),
historical,Grive litorne,,avibase-D120D5A0,bird,taxonomy.csv (eBird),
historical,Grive mauvis,,avibase-A8A85BCF,bird,taxonomy.csv (eBird),
historical,Grive musicienne,,avibase-D929EB21,bird,taxonomy.csv (eBird),
historical,Grosbec casse-noyaux,,avibase-84E1F114,bird,taxonomy.csv (eBird),
historical,Grue cendrée,,avibase-99B8841E,bird,taxonomy.csv (eBird),
historical,Guifette moustac,,avibase-7AB4E42B,bird,taxonomy.csv (eBird),
historical,Guifette noire,,avibase-115AF02D,bird,taxonomy.csv (eBird),
historical,Guêpier d'Europe,,avibase-66AA3934,bird,taxonomy.csv (eBird),
historical,Gypaète barbu,,avibase-81DB7410,bird,manual: Gypaetus barbatus,
historical,Harle bièvre,,avibase-407E2CA8,bird,taxonomy.csv (eBird),
historical,Harle huppé,,avibase-8DB64266,bird,taxonomy.csv (eBird),
historical,Hibou des marais,,avibase-8F123A11,bird,taxonomy.csv (eBird),
historical,Hirondelle de fenêtre,,avibase-30FEC6BE,bird,taxonomy.csv (eBird),
historical,Hirondelle de rivage,,avibase-94A1C447,bird,taxonomy.csv (eBird),
historical,Hirondelle de rochers,,avibase-6F2AF9D0,bird,taxonomy.csv (eBird),
historical,Hirondelle indéterminée,,avibase-55CCEE2D,bird,taxonomy.csv (eBird),
historical,Hirondelle rustique,,avibase-58C502EA,bird,taxonomy.csv (eBird),
historical,Huîtrier pie,,avibase-ED663165,bird,taxonomy.csv (eBird),
historical,Hybride Aigle criard x pomarin,,avibase-D49A669A,bird,manual: Clanga pomarina x clanga (eBird hybrid),
historical,Héron cendré,,avibase-6429024D,bird,taxonomy.csv (eBird),
historical,Héron garde-boeufs,,avibase-AB1CB216,bird,taxonomy.csv (eBird),
historical,Héron pourpré,,avibase-3395DCF1,bird,taxonomy.csv (eBird),
historical,Ibis falcinelle,,avibase-D4540F88,bird,taxonomy.csv (eBird),
historical,Ibis sacré,,avibase-550DE745,bird,taxonomy.csv (eBird),
historical,Labbe indéterminé,,avibase-070E73F9,bird,taxonomy.csv (eBird),
historical,Labbe parasite,,avibase-39086887,bird,taxonomy.csv (eBird),
historical,Labbe pomarin,,avibase-7CB8F5B7,bird,taxonomy.csv (eBird),
historical,Labbe à longue queue,,avibase-1D446440,bird,taxonomy.csv (eBird),
historical,Limicole indéterminé,,avibase-7FC8B7ED,bird,manual: shorebird sp.,
historical,Linotte mélodieuse,,avibase-32635892,bird,taxonomy.csv (eBird),
historical,Loriot d'Europe,,avibase-92A772BB,bird,taxonomy.csv (eBird),
historical,Macreuse noire,,avibase-24698199,bird,taxonomy.csv (eBird),
historical,Martin-pêcheur d'Europe,,avibase-9505E03D,bird,taxonomy.csv (eBird),
historical,Martinet noir,,avibase-4E6EF3F9,bird,taxonomy.csv (eBird),
historical,Martinet pâle,,avibase-332BC664,bird,taxonomy.csv (eBird),
historical,Martinet à ventre blanc,,avibase-FA1CAD29,bird,taxonomy.csv (eBird),
historical,Merle / Grive indéterminé,,avibase-690E6849,bird,taxonomy.csv (eBird),
historical,Merle noir,,avibase-88BB4F2A,bird,taxonomy.csv (eBird),
historical,Merle à plastron,,avibase-CE71B4FF,bird,taxonomy.csv (eBird),
historical,Milan indéterminé,,avibase-3335DE79,bird,taxonomy.csv (eBird),
historical,Milan noir,,avibase-06D9A2C8,bird,taxonomy.csv (eBird),
historical,Milan royal,,avibase-451D6FC8,bird,taxonomy.csv (eBird),
historical,Moineau domestique,,avibase-240E3390,bird,taxonomy.csv (eBird),
historical,Moineau friquet,,avibase-C22FBF8D,bird,taxonomy.csv (eBird),
historical,Mouette indéterminée,,avibase-8D04DAAF,bird,taxonomy.csv (eBird),
historical,Mouette mélanocéphale,,avibase-052BFA8A,bird,taxonomy.csv (eBird),
historical,Mouette pygmée,,avibase-F89FD6E3,bird,taxonomy.csv (eBird),
historical,Mouette rieuse,,avibase-FB02DD96,bird,taxonomy.csv (eBird),
historical,Mouette tridactyle,,avibase-FB4D08F0,bird,taxonomy.csv (eBird),
historical,Mésange bleue,,avibase-9BE53D34,bird,taxonomy.csv (eBird),
historical,Mésange charbonnière,,avibase-E15BC0CB,bird,taxonomy.csv (eBird),
historical,Mésange indéterminée,,avibase-399FA405,bird,taxonomy.csv (eBird),
historical,Mésange noire,,avibase-166CD440,bird,taxonomy.csv (eBird),
historical,Mésange nonnette,,avibase-523763E5,bird,taxonomy.csv (eBird),
historical,Mésange à longue queue,,avibase-547163C2,bird,taxonomy.csv (eBird),
historical,Nette rousse,,avibase-3EC2CDA9,bird,taxonomy.csv (eBird),
historical,Oie cendrée,,avibase-4AED44E8,bird,taxonomy.csv (eBird),
historical,Oie indéterminée,,avibase-A0148BE3,bird,taxonomy.csv (eBird),
historical,Passereau indéterminé,,avibase-CFD25837,bird,taxonomy.csv (eBird),
historical,Petit Gravelot,,avibase-35EC3BBF,bird,manual: Thinornis dubius,
historical,Pic noir,,avibase-EDB4BBA6,bird,taxonomy.csv (eBird),
historical,Pic épeiche,,avibase-D754DB85,bird,taxonomy.csv (eBird),
historical,Pie bavarde,,avibase-FBBBA943,bird,taxonomy.csv (eBird),
historical,Pie-grièche grise,,avibase-DB2501EE,bird,taxonomy.csv (eBird),
historical,Pigeon biset domestique,,avibase-533DD36C,bird,taxonomy.csv (eBird),
historical,Pigeon colombin,,avibase-68E4C0D1,bird,taxonomy.csv (eBird),
historical,Pigeon indéterminé,,avibase-F837F893,bird,taxonomy.csv (eBird),
historical,Pigeon ramier,,avibase-760F307A,bird,taxonomy.csv (eBird),
historical,Pinson des arbres,,avibase-6364E4A5,bird,taxonomy.csv (eBird),
historical,Pinson des arbres / du Nord,,avibase-B55CD676,bird,taxonomy.csv (eBird),
historical,Pinson du Nord,,avibase-E16B2C03,bird,taxonomy.csv (eBird),
historical,Pipit des arbres,,avibase-365F5E97,bird,taxonomy.csv (eBird),
historical,Pipit farlouse,,avibase-14873249,bird,taxonomy.csv (eBird),
historical,Pipit indéterminé,,avibase-AD6E9B95,bird,taxonomy.csv (eBird),
historical,Pipit rousseline,,avibase-250CDA58,bird,taxonomy.csv (eBird),
historical,Pipit spioncelle,,avibase-0A3FA185,bird,taxonomy.csv (eBird),
historical,Pipit à gorge rousse,,avibase-319D044A,bird,taxonomy.csv (eBird),
historical,Pluvier argenté,,avibase-27903EF7,bird,taxonomy.csv (eBird),
historical,Pluvier doré,,avibase-25A20BA6,bird,taxonomy.csv (eBird),
historical,Pouillot véloce,,avibase-F9F4B04D,bird,taxonomy.csv (eBird),
historical,Pouillot à grands sourcils,,avibase-0C120038,bird,taxonomy.csv (eBird),
historical,Pygargue à queue blanche,,avibase-5A3D91D3,bird,taxonomy.csv (eBird),
historical,Pélican blanc,,avibase-8BAFB01E,bird,taxonomy.csv (eBird),
historical,Pélican indéterminé,,avibase-E578ADF2,bird,taxonomy.csv (eBird),
historical,Rapace indéterminé,,avibase-0C24147B,bird,taxonomy.csv (eBird),
historical,Roitelet huppé,,avibase-1C51C109,bird,taxonomy.csv (eBird),
historical,Roitelet à triple bandeau,,avibase-85B03849,bird,taxonomy.csv (eBird),
historical,Rougequeue noir,,avibase-612B5C24,bird,taxonomy.csv (eBird),
historical,Rougequeue à front blanc,,avibase-06DD9D95,bird,taxonomy.csv (eBird),
historical,Rémiz penduline,,avibase-F81EB049,bird,taxonomy.csv (eBird),
historical,Sarcelle d'hiver,,avibase-BC6C3CCE,bird,taxonomy.csv (eBird),
historical,Sarcelle d'été,,avibase-F577BA0F,bird,taxonomy.csv (eBird),
historical,Serin cini,,avibase-C3227709,bird,taxonomy.csv (eBird),
historical,Sittelle torchepot,,avibase-9C2B53A0,bird,taxonomy.csv (eBird),
historical,Sizerin cabaret,,avibase-D41F1614,bird,taxonomy.csv (eBird),
historical,Spatule blanche,,avibase-A0A584C1,bird,taxonomy.csv (eBird),
historical,Sterne caspienne,,avibase-BC06BC0D,bird,taxonomy.csv (eBird),
historical,Sterne naine,,avibase-17310BF0,bird,taxonomy.csv (eBird),
historical,Sterne pierregarin,,avibase-4D2FF6F1,bird,taxonomy.csv (eBird),
historical,Tadorne casarca,,avibase-1F9D883E,bird,taxonomy.csv (eBird),
historical,Tadorne de Belon,,avibase-5EAB32D3,bird,taxonomy.csv (eBird),
historical,Tarier des prés,,avibase-A0EDAEA2,bird,taxonomy.csv (eBird),
historical,Tarier pâtre,,avibase-0EA8F8B9,bird,taxonomy.csv (eBird),
historical,Tarin des aulnes,,avibase-9820CECA,bird,taxonomy.csv (eBird),
historical,Tichodrome échelette,,avibase-89C42590,bird,taxonomy.csv (eBird),
historical,Tourterelle des bois,,avibase-5788552B,bird,taxonomy.csv (eBird),
historical,Tourterelle turque,,avibase-0C1EFC9B,bird,taxonomy.csv (eBird),
historical,Traquet motteux,,avibase-DF526047,bird,taxonomy.csv (eBird),
historical,Vanneau huppé,,avibase-F029489A,bird,taxonomy.csv (eBird),
historical,Vautour fauve,,avibase-5D1987CE,bird,taxonomy.csv (eBird),
historical,Venturon montagnard,,avibase-039E0011,bird,taxonomy.csv (eBird),
historical,Verdier d'Europe,,avibase-65BD2033,bird,taxonomy.csv (eBird),
historical,limicole indéterminé,,avibase-7FC8B7ED,bird,taxonomy.csv (eBird),
historical,petit limicole indéterminé,,avibase-7FC8B7ED,bird,manual: shorebird sp. (eBird has no small shorebird sp.),
historical,Élanion blanc,,avibase-97C47F3E,bird,taxonomy.csv (eBird),
historical,Épervier d'Europe,,avibase-DB376A66,bird,taxonomy.csv (eBird),
historical,Étourneau sansonnet,,avibase-94A44032,bird,taxonomy.csv (eBird),
trektellen,Cormorant,20,avibase-3DF5C587,bird,taxonomy.csv (eBird),
trektellen,Night Heron,24,avibase-6BB94D7E,bird,taxonomy.csv (eBird),
trektellen,Cattle Egret,26,avibase-AB1CB216,bird,taxonomy.csv (eBird),
trektellen,Little Egret,27,avibase-F2858F9F,bird,taxonomy.csv (eBird),
trektellen,Great White Egret,28,avibase-49D9148A,bird,taxonomy.csv (eBird),
trektellen,Grey Heron,29,avibase-6429024D,bird,taxonomy.csv (eBird),
trektellen,Purple Heron,30,avibase-3395DCF1,bird,taxonomy.csv (eBird),
trektellen,Black Stork,31,avibase-E2817DAE,bird,taxonomy.csv (eBird),
trektellen,White Stork,32,avibase-28825494,bird,taxonomy.csv (eBird),
trektellen,Glossy Ibis,33,avibase-D4540F88,bird,taxonomy.csv (eBird),
trektellen,Spoonbill,34,avibase-A0A584C1,bird,taxonomy.csv (eBird),
trektellen,Greater Flamingo,35,avibase-0F9B5174,bird,name match: eBird English: Greater Flamingo,
trektellen,Mute Swan,36,avibase-694C127A,bird,name match: eBird English: Mute Swan,
trektellen,Greylag Goose,45,avibase-4AED44E8,bird,taxonomy.csv (eBird),
trektellen,Egyptian Goose,52,avibase-DA2F24E3,bird,taxonomy.csv (eBird),
trektellen,Shelduck,54,avibase-5EAB32D3,bird,taxonomy.csv (eBird),
trektellen,Wigeon,56,avibase-15EE0D36,bird,manual: Mareca penelope,
trektellen,Teal,61,avibase-BC6C3CCE,bird,manual: Anas crecca,
trektellen,Mallard,62,avibase-85625D75,bird,name match: eBird English: Mallard,
trektellen,Pintail,63,avibase-56CCA717,bird,taxonomy.csv (eBird),
trektellen,Garganey,64,avibase-F577BA0F,bird,name match: eBird English: Garganey,
trektellen,Shoveler,66,avibase-ED4CE8E7,bird,manual: Spatula clypeata,
trektellen,Pochard,68,avibase-A96692E0,bird,manual: Aythya ferina,
trektellen,Tufted Duck,71,avibase-67CEA1C1,bird,name match: eBird English: Tufted Duck,
trektellen,Goosander,84,avibase-407E2CA8,bird,taxonomy.csv (eBird),
trektellen,Honey Buzzard,86,avibase-ED5A7E8F,bird,taxonomy.csv (eBird),
trektellen,Black-winged Kite,87,avibase-97C47F3E,bird,taxonomy.csv (eBird),
trektellen,Black Kite,88,avibase-06D9A2C8,bird,taxonomy.csv (eBird),
trektellen,Red Kite,89,avibase-451D6FC8,bird,taxonomy.csv (eBird),
trektellen,White-tailed Eagle,91,avibase-5A3D91D3,bird,taxonomy.csv (eBird),
trektellen,Griffon Vulture,92,avibase-5D1987CE,bird,taxonomy.csv (eBird),
trektellen,Cinereous Vulture,93,avibase-158BDC90,bird,name match: eBird English: Cinereous Vulture,
trektellen,Short-toed Eagle,94,avibase-8372FFBA,bird,taxonomy.csv (eBird),
trektellen,Marsh Harrier,95,avibase-E2A19474,bird,taxonomy.csv (eBird),
trektellen,Hen Harrier,96,avibase-F558C7F9,bird,taxonomy.csv (eBird),
trektellen,Pallid Harrier,97,avibase-22647E26,bird,taxonomy.csv (eBird),
trektellen,Montagu's Harrier,98,avibase-63B6412E,bird,taxonomy.csv (eBird),
trektellen,Goshawk,99,avibase-95DD1855,bird,taxonomy.csv (eBird),
trektellen,Sparrowhawk,100,avibase-DB376A66,bird,taxonomy.csv (eBird),
trektellen,Common Buzzard,101,avibase-3C0C325D,bird,taxonomy.csv (eBird),
trektellen,Long-legged Buzzard,103,avibase-CC65921F,bird,name match: eBird English: Long-legged Buzzard,
trektellen,Lesser Spotted Eagle,105,avibase-C2565B65,bird,taxonomy.csv (eBird),
trektellen,Greater Spotted Eagle,106,avibase-BAC4CA22,bird,taxonomy.csv (eBird),
trektellen,Golden Eagle,107,avibase-5F8E7CA8,bird,taxonomy.csv (eBird),
trektellen,Osprey,109,avibase-1327AC55,bird,taxonomy.csv (eBird),
trektellen,Kestrel,110,avibase-2DAB45B8,bird,taxonomy.csv (eBird),
trektellen,Red-footed Falcon,111,avibase-997A9437,bird,taxonomy.csv (eBird),
trektellen,Merlin,112,avibase-F3DA111C,bird,taxonomy.csv (eBird),
trektellen,Hobby,113,avibase-E91E287A,bird,taxonomy.csv (eBird),
trektellen,Peregrine,115,avibase-47E58408,bird,taxonomy.csv (eBird),
trektellen,Quail,120,avibase-CAFE345D,bird,manual: Coturnix coturnix,
trektellen,Pheasant,121,avibase-2FA39DCD,bird,taxonomy.csv (eBird),
trektellen,Crane,129,avibase-99B8841E,bird,taxonomy.csv (eBird),
trektellen,Black-winged Stilt,134,avibase-3CAEB7CE,bird,name match: eBird English: Black-winged Stilt,
trektellen,Little Ringed Plover,140,avibase-35EC3BBF,bird,taxonomy.csv (eBird),
trektellen,Ringed Plover,141,avibase-EDA37B7C,bird,manual: Charadrius hiaticula,
trektellen,Dotterel,144,avibase-20BE9DF1,bird,taxonomy.csv (eBird),
trektellen,Golden Plover,145,avibase-25A20BA6,bird,manual: Pluvialis apricaria,
trektellen,Lapwing,150,avibase-F029489A,bird,taxonomy.csv (eBird),
trektellen,Dunlin,161,avibase-15369E8E,bird,name match: eBird English: Dunlin,
trektellen,Snipe,167,avibase-9151E0BA,bird,taxonomy.csv (eBird),
trektellen,Woodcock,170,avibase-BFE14290,bird,manual: Scolopax rusticola,
trektellen,Bar-tailed Godwit,172,avibase-9A684C99,bird,name match: eBird English: Bar-tailed Godwit,
trektellen,Whimbrel,173,avibase-082F3A63,bird,Courlis corlieu / Whimbrel denotes Eurasian Whimbrel (Numenius phaeopus); excludes Hudsonian Whimbrel. Source scope confirmed by dataset owner 2026-10-07.,owner-confirmed 2026-10-07
trektellen,Curlew,175,avibase-3BB5CBA6,bird,taxonomy.csv (eBird),
trektellen,Spotted Redshank,176,avibase-0895DD84,bird,taxonomy.csv (eBird),
trektellen,Greenshank,180,avibase-18B415D2,bird,taxonomy.csv (eBird),
trektellen,Green Sandpiper,182,avibase-A7B17EFC,bird,taxonomy.csv (eBird),
trektellen,Wood Sandpiper,183,avibase-8E67DC5F,bird,taxonomy.csv (eBird),
trektellen,Common Sandpiper,185,avibase-8548B07E,bird,name match: eBird English: Common Sandpiper,
trektellen,Arctic Skua,192,avibase-39086887,bird,taxonomy.csv (eBird),
trektellen,Great Skua,194,avibase-BB041C6E,bird,taxonomy.csv (eBird),
trektellen,Mediterranean Gull,196,avibase-052BFA8A,bird,taxonomy.csv (eBird),
trektellen,Black-headed Gull,200,avibase-FB02DD96,bird,taxonomy.csv (eBird),
trektellen,Common Gull,202,avibase-00DA9D91,bird,name match: eBird English: Common Gull,
trektellen,Lesser Black-backed Gull,203,avibase-2D52E3A5,bird,taxonomy.csv (eBird),
trektellen,Herring Gull,206,avibase-F002188E,bird,manual: Larus argentatus,
trektellen,Great Black-backed Gull,209,avibase-E826E9F3,bird,name match: eBird English: Great Black-backed Gull,
trektellen,Caspian Tern,214,avibase-BC06BC0D,bird,taxonomy.csv (eBird),
trektellen,Common Tern,217,avibase-4D2FF6F1,bird,name match: eBird English: Common Tern,
trektellen,Rock Dove,231,avibase-BBA263C2,bird,taxonomy.csv (eBird),
trektellen,Stock Dove,232,avibase-68E4C0D1,bird,taxonomy.csv (eBird),
trektellen,Woodpigeon,233,avibase-760F307A,bird,taxonomy.csv (eBird),
trektellen,Collared Dove,234,avibase-0C1EFC9B,bird,taxonomy.csv (eBird),
trektellen,Turtle Dove,235,avibase-5788552B,bird,taxonomy.csv (eBird),
trektellen,Cuckoo,237,avibase-B3D2C3C5,bird,manual: Cuculus canorus,
trektellen,Short-eared Owl,246,avibase-8F123A11,bird,name match: eBird English: Short-eared Owl,
trektellen,Swift,249,avibase-4E6EF3F9,bird,taxonomy.csv (eBird),
trektellen,Alpine Swift,250,avibase-FA1CAD29,bird,taxonomy.csv (eBird),
trektellen,Kingfisher,251,avibase-9505E03D,bird,manual: Alcedo atthis,
trektellen,European Bee-eater,254,avibase-66AA3934,bird,taxonomy.csv (eBird),
trektellen,European Roller,255,avibase-7451A628,bird,taxonomy.csv (eBird),
trektellen,Wryneck,257,avibase-B2E6AB9F,bird,manual: Jynx torquilla,
trektellen,Green Woodpecker,259,avibase-A01014FF,bird,taxonomy.csv (eBird),
trektellen,Black Woodpecker,260,avibase-EDB4BBA6,bird,taxonomy.csv (eBird),
trektellen,Great Spotted Woodpecker,261,avibase-D754DB85,bird,taxonomy.csv (eBird),
trektellen,Middle Spotted Woodpecker,262,avibase-504B2FD4,bird,taxonomy.csv (eBird),
trektellen,Lesser Spotted Woodpecker,263,avibase-AB2F4BC0,bird,taxonomy.csv (eBird),
trektellen,Wood Lark,267,avibase-742EC2F1,bird,taxonomy.csv (eBird),
trektellen,Skylark,268,avibase-ED2AC04E,bird,taxonomy.csv (eBird),
trektellen,Sand Martin,270,avibase-94A1C447,bird,taxonomy.csv (eBird),
trektellen,Swallow,271,avibase-58C502EA,bird,taxonomy.csv (eBird),
trektellen,House Martin,273,avibase-30FEC6BE,bird,taxonomy.csv (eBird),
trektellen,Richard's Pipit,274,avibase-41ECD10E,bird,name match: eBird English: Richard's Pipit,
trektellen,Tawny Pipit,275,avibase-250CDA58,bird,taxonomy.csv (eBird),
trektellen,Tree Pipit,277,avibase-365F5E97,bird,taxonomy.csv (eBird),
trektellen,Meadow Pipit,278,avibase-14873249,bird,taxonomy.csv (eBird),
trektellen,Red-throated Pipit,279,avibase-319D044A,bird,name match: eBird English: Red-throated Pipit,
trektellen,Water Pipit,280,avibase-0A3FA185,bird,taxonomy.csv (eBird),
trektellen,Yellow wagtail sp.,281,avibase-5983D677,bird,Yellow wagtail sp. denotes Western Yellow Wagtail (Motacilla flava) at species level; excludes Eastern Yellow Wagtail. Source scope confirmed by dataset owner 2026-10-07.,owner-confirmed 2026-10-07
trektellen,Blue-headed Wagtail,282,avibase-876F7E82,bird,Blue-headed Wagtail is the nominate subspecies Motacilla flava flava (AviList subspecies).,owner-confirmed 2026-10-07
trektellen,Grey Wagtail,287,avibase-AE073221,bird,taxonomy.csv (eBird),
trektellen,White Wagtail,289,avibase-400E032C,bird,taxonomy.csv (eBird),
trektellen,Wren,293,avibase-AF700208,bird,manual: Troglodytes troglodytes,
trektellen,Dunnock,294,avibase-26530C86,bird,taxonomy.csv (eBird),
trektellen,Robin,296,avibase-C809B2B9,bird,taxonomy.csv (eBird),
trektellen,Black Redstart,303,avibase-612B5C24,bird,taxonomy.csv (eBird),
trektellen,Redstart,304,avibase-06DD9D95,bird,taxonomy.csv (eBird),
trektellen,Whinchat,305,avibase-A0EDAEA2,bird,taxonomy.csv (eBird),
trektellen,Stonechat,306,avibase-0EA8F8B9,bird,taxonomy.csv (eBird),
trektellen,Wheatear,307,avibase-DF526047,bird,taxonomy.csv (eBird),
trektellen,Ring Ouzel,314,avibase-CE71B4FF,bird,name match: eBird English: Ring Ouzel,
trektellen,Blackbird,315,avibase-88BB4F2A,bird,taxonomy.csv (eBird),
trektellen,Fieldfare,323,avibase-D120D5A0,bird,taxonomy.csv (eBird),
trektellen,Song Thrush,324,avibase-D929EB21,bird,taxonomy.csv (eBird),
trektellen,Redwing,325,avibase-A8A85BCF,bird,taxonomy.csv (eBird),
trektellen,Mistle Thrush,326,avibase-A95B43F1,bird,taxonomy.csv (eBird),
trektellen,Zitting Cisticola,328,avibase-AEE2063F,bird,taxonomy.csv (eBird),
trektellen,Lesser Whitethroat,347,avibase-0DCD05BE,bird,name match: eBird English: Lesser Whitethroat,
trektellen,Whitethroat,348,avibase-14AFBA82,bird,"Name crosswalk: Whitethroat = Greater Whitethroat (Curruca communis), distinct from Lesser Whitethroat",reviewed 2026-10-07
trektellen,Garden Warbler,349,avibase-A6A4FC63,bird,name match: eBird English: Garden Warbler,
trektellen,Blackcap,350,avibase-61F9065B,bird,taxonomy.csv (eBird),
trektellen,Yellow-browed Warbler,354,avibase-0C120038,bird,name match: eBird English: Yellow-browed Warbler,
trektellen,Western Bonelli's Warbler,357,avibase-C00674ED,bird,name match: eBird English: Western Bonelli's Warbler,
trektellen,Chiffchaff,359,avibase-F9F4B04D,bird,taxonomy.csv (eBird),
trektellen,Willow Warbler,361,avibase-88F4B969,bird,taxonomy.csv (eBird),
trektellen,Firecrest,364,avibase-85B03849,bird,taxonomy.csv (eBird),
trektellen,Spotted Flycatcher,365,avibase-EE8206E7,bird,taxonomy.csv (eBird),
trektellen,Pied Flycatcher,368,avibase-6E352E18,bird,taxonomy.csv (eBird),
trektellen,Long-tailed Tit,370,avibase-547163C2,bird,name match: eBird English: Long-tailed Tit,
trektellen,Northern Long-tailed Tit,371,avibase-B7F0B736,bird,manual: Aegithalos caudatus caudatus (AviList subspecies),
trektellen,Marsh Tit,372,avibase-523763E5,bird,name match: eBird English: Marsh Tit,
trektellen,Crested Tit,374,avibase-E5531933,bird,name match: eBird English: Crested Tit,
trektellen,Coal Tit,375,avibase-166CD440,bird,taxonomy.csv (eBird),
trektellen,Blue Tit,376,avibase-9BE53D34,bird,taxonomy.csv (eBird),
trektellen,Great Tit,377,avibase-E15BC0CB,bird,taxonomy.csv (eBird),
trektellen,Nuthatch,378,avibase-9C2B53A0,bird,taxonomy.csv (eBird),
trektellen,Short-toed Tree Creeper,380,avibase-552E2BA9,bird,taxonomy.csv (eBird),
trektellen,Penduline Tit,381,avibase-F81EB049,bird,taxonomy.csv (eBird),
trektellen,Golden Oriole,382,avibase-92A772BB,bird,taxonomy.csv (eBird),
trektellen,Red-backed Shrike,383,avibase-F2CEFD1A,bird,name match: eBird English: Red-backed Shrike,
trektellen,Great Grey Shrike,385,avibase-DB2501EE,bird,taxonomy.csv (eBird),
trektellen,Jay,387,avibase-D8D10F2C,bird,taxonomy.csv (eBird),
trektellen,Magpie,388,avibase-FBBBA943,bird,taxonomy.csv (eBird),
trektellen,Jackdaw,391,avibase-D4C32F8E,bird,taxonomy.csv (eBird),
trektellen,Rook,393,avibase-1078FFEA,bird,taxonomy.csv (eBird),
trektellen,Carrion Crow,394,avibase-FD45C1D7,bird,Corvus corone corone (AviList subspecies; eBird species Carrion Crow excludes cornix),
trektellen,Hooded Crow,395,avibase-81B32602,bird,Corvus corone cornix (AviList subspecies; eBird species Hooded Crow),
trektellen,Raven,396,avibase-B9B272F4,bird,taxonomy.csv (eBird),
trektellen,Starling,397,avibase-94A44032,bird,taxonomy.csv (eBird),
trektellen,House Sparrow,399,avibase-240E3390,bird,taxonomy.csv (eBird),
trektellen,Tree Sparrow,400,avibase-C22FBF8D,bird,manual: Passer montanus,
trektellen,Chaffinch,402,avibase-6364E4A5,bird,taxonomy.csv (eBird),
trektellen,Brambling,403,avibase-E16B2C03,bird,taxonomy.csv (eBird),
trektellen,Serin,404,avibase-C3227709,bird,taxonomy.csv (eBird),
trektellen,Greenfinch,405,avibase-65BD2033,bird,taxonomy.csv (eBird),
trektellen,Goldfinch,406,avibase-59353A05,bird,European Goldfinch only (Carduelis carduelis); excludes Grey-crowned Goldfinch. Source scope confirmed by dataset owner 2026-10-07.,owner-confirmed 2026-10-07
trektellen,Siskin,407,avibase-9820CECA,bird,taxonomy.csv (eBird),
trektellen,Linnet,408,avibase-32635892,bird,taxonomy.csv (eBird),
trektellen,Redpoll | redpoll sp.,410,avibase-B6C8DDB2,bird,"Redpoll | redpoll sp. maps to AviList species Redpoll (Acanthis flammea), not the former Common/Lesser group. Dataset owner decision 2026-10-07.",owner-confirmed 2026-10-07
trektellen,Lesser Redpoll,412,avibase-D41F1614,bird,manual: Acanthis flammea cabaret (AviList subspecies; lumped into Redpoll),
trektellen,Crossbill,415,avibase-135564AA,bird,taxonomy.csv (eBird),
trektellen,Bullfinch,419,avibase-24764DC7,bird,taxonomy.csv (eBird),
trektellen,Hawfinch,421,avibase-84E1F114,bird,taxonomy.csv (eBird),
trektellen,Yellowhammer,429,avibase-56FB47C0,bird,taxonomy.csv (eBird),
trektellen,Cirl Bunting,430,avibase-9AAB8C21,bird,taxonomy.csv (eBird),
trektellen,Ortolan Bunting,431,avibase-47210561,bird,name match: eBird English: Ortolan Bunting,
trektellen,Reed Bunting,438,avibase-C0B97874,bird,taxonomy.csv (eBird),
trektellen,Corn Bunting,440,avibase-9A87EBB0,bird,taxonomy.csv (eBird),
trektellen,Caspian Gull,444,avibase-93CA037F,bird,name match: eBird English: Caspian Gull,
trektellen,Yellow-legged Gull,445,avibase-E074D706,bird,taxonomy.csv (eBird),
trektellen,skua sp.,455,avibase-070E73F9,bird,taxonomy.csv (eBird),
trektellen,Swallowtail,472,,non_bird,"Not a bird (butterfly, moth, dragonfly)",
trektellen,Species unidentified,480,avibase-AF0D818A,bird,"eBird/Clements v2025: bird sp. (Aves sp.); unidentified bird, not an empty survey",reviewed 2026-10-07
trektellen,heron sp.,526,avibase-4D321548,bird,taxonomy.csv (eBird),
trektellen,Ciconia sp.,528,avibase-E6E02622,bird,taxonomy.csv (eBird),
trektellen,Anser sp.,546,avibase-C9ADFB7A,bird,name match: eBird English: Anser sp.,
trektellen,dabbling duck sp.,556,avibase-BD7161A9,bird,manual: dabbling duck sp. (eBird spuh),
trektellen,Aythya sp.,562,avibase-2243C710,bird,name match: eBird English: Aythya sp.,
trektellen,Milvus sp.,573,avibase-3335DE79,bird,manual: Milvus milvus/migrans (eBird slash),
trektellen,harrier sp.,584,avibase-C235C72D,bird,taxonomy.csv (eBird),
trektellen,Sparrowhawk/Goshawk,585,avibase-3598C8A6,bird,taxonomy.csv (eBird),
trektellen,buzzard sp.,586,avibase-E91E7830,bird,taxonomy.csv (eBird),
trektellen,Aigle botté,592,avibase-4B8CC285,bird,taxonomy.csv (eBird),
trektellen,Eleonora's Falcon,597,avibase-9EA1F12D,bird,name match: eBird English: Eleonora's Falcon,
trektellen,Faucon lanier,598,avibase-3D3808E3,bird,taxonomy.csv (eBird),
trektellen,falcon sp.,602,avibase-A28F0D10,bird,taxonomy.csv (eBird),
trektellen,Charadrius sp.,642,avibase-A40CC76C,bird,taxonomy.csv (eBird),
trektellen,Numenius sp.,665,avibase-568DE12E,bird,taxonomy.csv (eBird),
trektellen,wader sp.,672,avibase-7FC8B7ED,bird,taxonomy.csv (eBird),
trektellen,Laridae sp.,690,avibase-1B8C48CC,bird,eBird/Clements v2025: gull/tern sp. (Laridae sp.); former Larus sp. mapping was narrower than the source family,reviewed 2026-10-07
trektellen,Pallid Swift,733,avibase-332BC664,bird,name match: eBird English: Pallid Swift,
trektellen,Apus sp.,737,avibase-F7D77F4A,bird,taxonomy.csv (eBird),
trektellen,lark sp.,758,avibase-20C23C74,bird,taxonomy.csv (eBird),
trektellen,Crag Martin,761,avibase-6F2AF9D0,bird,taxonomy.csv (eBird),
trektellen,swallow sp.,763,avibase-55CCEE2D,bird,taxonomy.csv (eBird),
trektellen,pipit sp.,766,avibase-AD6E9B95,bird,taxonomy.csv (eBird),
trektellen,thrush sp.,806,avibase-690E6849,bird,taxonomy.csv (eBird),
trektellen,Acrocephalus sp.,816,avibase-52440FBD,bird,name match: eBird English: Acrocephalus sp.,
trektellen,Phylloscopus sp.,837,avibase-60A9B5E3,bird,taxonomy.csv (eBird),
trektellen,Regulus sp.,838,avibase-B6BA78FC,bird,manual: Regulus regulus/ignicapilla (eBird slash),
trektellen,finch sp.,879,avibase-B20C6C46,bird,taxonomy.csv (eBird),
trektellen,Rock Bunting,902,avibase-4836E64E,bird,taxonomy.csv (eBird),
trektellen,bunting sp.,907,avibase-869B5DF7,bird,taxonomy.csv (eBird),
trektellen,Montagu's/Pallid Harrier,912,avibase-AEEF72BC,bird,taxonomy.csv (eBird),
trektellen,Carrion/Hooded Crow hybrid,932,avibase-7958D4BC,bird,manual: Corvus corone x cornix (eBird hybrid),
trektellen,Citril Finch,947,avibase-039E0011,bird,name match: eBird English: Citril Finch,
trektellen,dove (Columba) sp.,981,avibase-F837F893,bird,taxonomy.csv (eBird),
trektellen,Red Admiral,983,,non_bird,"Not a bird (butterfly, moth, dragonfly)",
trektellen,duck sp.,984,avibase-D7BF5045,bird,taxonomy.csv (eBird),
trektellen,Feral Pigeon,985,avibase-533DD36C,bird,taxonomy.csv (eBird),
trektellen,small gull sp.,989,avibase-8D04DAAF,bird,taxonomy.csv (eBird),
trektellen,large gull sp.,990,avibase-8D04DAAF,bird,taxonomy.csv (eBird),
trektellen,passerine sp.,995,avibase-CFD25837,bird,taxonomy.csv (eBird),
trektellen,raptor sp.,997,avibase-0C24147B,bird,taxonomy.csv (eBird),
trektellen,Corvus sp.,998,avibase-F00CC288,bird,taxonomy.csv (eBird),
trektellen,Buzzard/Honey Buzzard,999,avibase-84E0CEF2,bird,taxonomy.csv (eBird),
trektellen,Bald Ibis,1001,avibase-B20FECE2,bird,manual: Geronticus eremita,
trektellen,Pygmy Cormorant,1011,avibase-AFF49475,bird,taxonomy.csv (eBird),
trektellen,Motacilla (wagtail) sp.,1061,avibase-F8FCE84A,bird,taxonomy.csv (eBird),
trektellen,Parus (tit) sp.,1063,avibase-399FA405,bird,taxonomy.csv (eBird),
trektellen,Painted Lady,1064,,non_bird,"Not a bird (butterfly, moth, dragonfly)",
trektellen,Small White,1066,,non_bird,"Not a bird (butterfly, moth, dragonfly)",
trektellen,Large White,1067,,non_bird,"Not a bird (butterfly, moth, dragonfly)",
trektellen,Comma,1069,,non_bird,"Not a bird (butterfly, moth, dragonfly)",
trektellen,Dark Clouded Yellow,1070,,non_bird,"Not a bird (butterfly, moth, dragonfly)",
trektellen,European Peacock,1072,,non_bird,"Not a bird (butterfly, moth, dragonfly)",
trektellen,Green-veined White,1073,,non_bird,"Not a bird (butterfly, moth, dragonfly)",
trektellen,white sp. (butterfly),1074,,non_bird,"Not a bird (butterfly, moth, dragonfly)",
trektellen,Tree Pipit/Olive-backed Pipit,1081,avibase-852BD07B,bird,manual: Anthus trivialis/hodgsoni (eBird slash),
trektellen,Asio sp.,1097,avibase-31273EB0,bird,name match: eBird English: Asio sp.,
trektellen,Hummingbird Hawk-moth,1098,,non_bird,"Not a bird (butterfly, moth, dragonfly)",
trektellen,Hobby / Red-footed Falcon,1099,avibase-37EE6EA4,bird,manual: small falcon sp. (eBird has no Hobby/Red-footed Falcon slash),
trektellen,Common / Lesser Kestrel,1100,avibase-578C6971,bird,manual: Falco naumanni/tinnunculus (eBird slash),
trektellen,Hen/Montagu's/Pallid Harrier,1102,avibase-C235C72D,bird,taxonomy.csv (eBird),
trektellen,Chaffinch/Brambling,1127,avibase-B55CD676,bird,taxonomy.csv (eBird),
trektellen,Lesser Spotted / Greater Spotted Eagle,1128,avibase-2A16982E,bird,manual: Clanga pomarina/clanga (eBird slash),
trektellen,MediumRaptor,1150,avibase-0C24147B,bird,taxonomy.csv (eBird),
trektellen,Pluvialis sp.,1478,avibase-83F7457A,bird,taxonomy.csv (eBird),
trektellen,Brimstone,1924,,non_bird,"Not a bird (butterfly, moth, dragonfly)",
trektellen,Tringa sp.,2305,avibase-59C39D59,bird,taxonomy.csv (eBird),
trektellen,small wader,2313,avibase-7FC8B7ED,bird,manual: shorebird sp. (eBird has no small shorebird sp.),
trektellen,Vagrant Emperor,4605,,non_bird,"Not a bird (butterfly, moth, dragonfly)",
trektellen,Darter unknown,4614,,non_bird,"Not a bird (butterfly, moth, dragonfly)",
trektellen,Blue Hawker,4617,,non_bird,"Not a bird (butterfly, moth, dragonfly)",
trektellen,Swift / Pallid Swift,4865,avibase-DBACF9F8,bird,manual: Apus apus/pallidus (eBird slash),
trektellen,Cattle Egret / Little Egret,4868,avibase-D916AABA,bird,"manual: white egret sp., Egretta/Ardea (eBird has no Cattle/Little Egret slash)",
