taxon_id	english_name	source
avibase-68E4C0D1	Stock Dove	paper-2020
avibase-760F307A	Common Wood Pigeon	paper-2020
avibase-99B8841E	Common Crane	paper-2020
avibase-E2817DAE	Black Stork	paper-2020
avibase-28825494	White Stork	paper-2020
avibase-3DF5C587	Great Cormorant	paper-2020
avibase-49D9148A	Great Egret	paper-2020
avibase-6429024D	Grey Heron	paper-2020
avibase-1327AC55	Osprey	paper-2019
avibase-ED5A7E8F	European Honey Buzzard	paper-2019
avibase-8372FFBA	Short-toed Snake Eagle	paper-2019
avibase-DB376A66	Eurasian Sparrowhawk	paper-2019
avibase-95DD1855	Eurasian Goshawk	paper-2019
avibase-E2A19474	Western Marsh Harrier	paper-2019
avibase-F558C7F9	Hen Harrier	paper-2019
avibase-63B6412E	Montagu's Harrier	paper-2019
avibase-451D6FC8	Red Kite	paper-2019
avibase-06D9A2C8	Black Kite	paper-2019
avibase-3C0C325D	Common Buzzard	paper-2019
avibase-66AA3934	European Bee-eater	paper-2020
avibase-2DAB45B8	Common Kestrel	paper-2019
avibase-F3DA111C	Merlin	paper-2019
avibase-E91E287A	Eurasian Hobby	paper-2019
avibase-47E58408	Peregrine Falcon	paper-2019
avibase-D8D10F2C	Eurasian Jay	paper-2020
avibase-D4C32F8E	Western Jackdaw	paper-2020
avibase-1078FFEA	Rook	paper-2020
avibase-166CD440	Coal Tit	paper-2020
avibase-9BE53D34	Eurasian Blue Tit	paper-2020
avibase-E15BC0CB	Great Tit	paper-2020
avibase-742EC2F1	Woodlark	paper-2020
avibase-ED2AC04E	Eurasian Skylark	paper-2020
