key	section	text_fr	text_en
avibase-ED5A7E8F	passage	La Bondrée apivore est l’un des rapaces les plus régulièrement dénombrés au Défilé. Son passage se concentre autour de la fin août et du début septembre. Par beau temps, les oiseaux peuvent traverser à haute altitude, au-dessus du Jura ou loin à l’est. Une couverture nuageuse sur les massifs peut au contraire les concentrer dans l’entonnoir du Défilé et les rapprocher des observateurs.	The Honey Buzzard is one of the raptors most regularly counted at the Défilé. Passage is concentrated around late August and early September. In fine weather, birds may travel high overhead, across the Jura or far to the east. Cloud covering the hills can instead funnel them through the Défilé and bring them closer to the observers.
avibase-ED5A7E8F	evolution	Les effectifs observés varient fortement d’un automne à l’autre. Sur la période 1993–2017, ces fluctuations rendent difficile l’identification d’une tendance nette. Plusieurs saisons récentes restent en retrait par rapport aux années 2000 et au début des années 2010. La météo et la visibilité jouent cependant un rôle important : un faible passage observé peut correspondre à une migration plus dispersée, en partie hors de portée du suivi.	Observed numbers vary greatly between autumns. Over 1993–2017, these fluctuations make a clear trend difficult to identify. Several recent seasons remain below the levels seen in the 2000s and early 2010s. Weather and visibility nevertheless matter: weak visible passage may reflect more dispersed migration, partly beyond the observers’ reach.
avibase-ED5A7E8F	particularites	Avant le début de la migration, des bondrées locales peuvent se regrouper dans une ascendance thermique, monter très haut, puis redescendre. Ces rassemblements peuvent donner l’impression que le passage a déjà commencé. À l’inverse, des groupes réellement migrateurs ont été repérés à la limite de visibilité des jumelles lors de balayages systématiques du ciel.	Before migration begins, local Honey Buzzards may gather in a thermal, climb very high and then descend again. Such gatherings can give the impression that passage has already started. Conversely, genuinely migrating flocks have been found at the very limit of binocular visibility by systematically scanning the sky.
avibase-06D9A2C8	passage	Le Milan noir est un migrateur précoce : une grande partie de son passage se déroule dès juillet, alors que beaucoup de sites ne commencent leur suivi qu’en août. Les oiseaux utilisent les ascendances thermiques pour prendre de l’altitude. Des vents qui se renforcent ou un orage peuvent interrompre leur progression et les obliger à se poser.	The Black Kite is an early migrant: much of its passage takes place in July, before monitoring begins at many other sites in August. Birds use thermals to gain height. Strengthening winds or a thunderstorm can interrupt their progress and force them to land.
avibase-06D9A2C8	evolution	Entre 1993 et 2017, le passage augmente nettement, malgré une baisse au tournant des années 2000. Cette progression traduit probablement en partie l’augmentation des populations nicheuses de Suisse et d’Allemagne. Les saisons récentes sont plus contrastées, avec des passages exceptionnels mais aussi des automnes nettement moins fournis ; 2025 se situe dans la moyenne de la décennie précédente.	Passage increased markedly between 1993 and 2017, despite a decline around the turn of the century. This probably reflects, in part, growth in the breeding populations of Switzerland and Germany. Recent seasons are more varied, with exceptional passage in some years and much smaller movements in others; 2025 falls within the average of the preceding decade.
avibase-06D9A2C8	particularites	La migration peut se poursuivre très tard dans la journée. En 2025, des milans sont observés à plusieurs reprises en déplacement actif peu avant le coucher du soleil, et un groupe passe même après celui-ci, en dehors du protocole de comptage.	Migration can continue very late in the day. In 2025, kites were repeatedly seen migrating shortly before sunset, and one flock passed after sunset, outside the counting protocol.
avibase-451D6FC8	passage	Le Milan royal compte parmi les espèces emblématiques du Défilé. Les oiseaux utilisent les ascendances thermiques, mais leur déplacement ne se limite pas aux heures chaudes : des migrateurs passent tôt le matin ou en fin de journée, parfois même sous la pluie ou face au vent. Les arrivées de froid peuvent encore provoquer des mouvements après la fin du suivi automnal.	The Red Kite is one of the Défilé’s emblematic species. Birds use thermals, but their movements are not confined to the warmest hours: migrants pass early in the morning and late in the day, sometimes even in rain or headwinds. Cold spells can trigger further movements after autumn monitoring has ended.
avibase-451D6FC8	evolution	Le passage s’est fortement accru depuis les années 1990, avec une accélération particulièrement marquée à partir de 2011. Cette évolution accompagne notamment la progression des populations suisses et allemandes. Les fortes saisons récentes prolongent cette histoire, sans supprimer les fluctuations d’un automne à l’autre. Une partie du passage tardif peut échapper au suivi lorsque le froid arrive après sa clôture.	Passage has grown strongly since the 1990s, with a particularly marked acceleration from 2011 onwards. This accompanies growth notably in the Swiss and German populations. Strong recent seasons continue that pattern, alongside fluctuations between autumns. Some late passage may escape monitoring when cold weather arrives after the season closes.
avibase-3C0C325D	passage	La Buse variable est l’un des grands rapaces caractéristiques de la migration au Défilé. Son passage automnal peut être renforcé par des fuites devant le froid, le gel ou la neige, parfois bien au-delà de la période habituelle de suivi. Les oiseaux locaux compliquent l’interprétation : ils peuvent prendre de l’altitude dans une ascendance, puis revenir vers leur territoire plutôt que partir en migration.	The Common Buzzard is one of the large raptors characteristic of migration at the Défilé. Autumn passage can be reinforced by birds escaping cold, frost or snow, sometimes well beyond the usual monitoring period. Local birds complicate interpretation: they may climb in a thermal and then return to their territory rather than migrate.
avibase-3C0C325D	evolution	La progression observée sur la période 1993–2017 ne se poursuit pas de façon régulière dans les saisons récentes, dont plusieurs présentent un faible passage. La météo agit à la fois sur le départ des oiseaux, leur itinéraire et leur visibilité. Les effectifs comptés sur le site ne se confondent donc pas avec l’évolution des populations nicheuses.	The increase observed over 1993–2017 does not continue consistently through recent seasons, several of which show weak passage. Weather affects departure, routes and visibility alike. Numbers counted at the site therefore cannot be read directly as changes in breeding populations.
avibase-DB376A66	passage	Les Éperviers d’Europe passent seuls, en petits groupes ou mêlés aux buses. Leur détection dépend beaucoup des conditions : des oiseaux hauts ou éloignés peuvent facilement passer inaperçus, tandis que certains vents les rapprochent du poste. Leur présence dans un flux de grands rapaces peut aussi aider à les repérer.	Eurasian Sparrowhawks pass alone, in small groups or among buzzards. Detection depends greatly on conditions: high or distant birds can easily be missed, whereas some winds bring them closer to the watchpoint. Their presence within a stream of larger raptors can also help observers find them.
avibase-DB376A66	evolution	Après une hausse entre la fin des années 2000 et le début des années 2010, les comptages connaissent un recul, puis des saisons plus contrastées. La reprise observée en 2025 illustre ces fluctuations. Les différences de visibilité et d’itinéraire invitent à rester prudent avant d’y voir une évolution directe des populations.	Following an increase from the late 2000s into the early 2010s, counts declined before becoming more variable. The recovery seen in 2025 illustrates these fluctuations. Differences in visibility and routes call for caution before interpreting them as direct changes in populations.
avibase-95DD1855	passage	L’Autour des palombes reste peu abondant dans les comptages. Une partie des oiseaux est sédentaire ou se déplace à l’échelle régionale, tandis que des individus plus nordiques peuvent entreprendre une véritable migration. Distinguer ces situations et repérer les autours dans le flux des autres rapaces demande une attention particulière.	The Eurasian Goshawk remains scarce in the counts. Some birds are resident or move within the region, while birds from farther north may undertake true migration. Distinguishing these situations and finding goshawks within the flow of other raptors requires particular care.
avibase-1327AC55	passage	Le Balbuzard pêcheur migre généralement seul et peut progresser par des météos très variées. Son vol battu lui permet de traverser sans dépendre entièrement des ascendances thermiques, à des altitudes très différentes. Cette migration sur un large front limite la concentration des oiseaux dans le Défilé.	The Osprey generally migrates alone and can travel in a wide range of weather. Powered flight allows it to cross without relying entirely on thermals, at very different heights. This broad-front migration limits the concentration of birds at the Défilé.
avibase-1327AC55	evolution	Les effectifs fluctuent fortement entre les saisons. Une hausse apparaît dans les années 2010, mais plusieurs automnes récents sont moins fournis. Ces variations doivent aussi se lire à la lumière d’une migration dispersée, dont le poste ne capte qu’une partie.	Numbers fluctuate greatly between seasons. An increase appears in the 2010s, but several recent autumns are less well supplied. These variations must also be understood in the context of dispersed migration, only part of which passes within view of the watchpoint.
avibase-1327AC55	particularites	Un balbuzard a déjà été observé en migration avec un poisson dans les serres. Ce détail rappelle que le passage peut aussi offrir des scènes de comportement, au-delà du simple dénombrement des oiseaux.	An Osprey has been seen migrating with a fish in its talons. Passage can offer glimpses of behaviour as well as opportunities to count birds.
avibase-E2A19474	passage	Le Busard des roseaux migre sur un large front et peut franchir les reliefs sans être canalisé par le Défilé. Il alterne vol battu et utilisation des ascendances. Certains oiseaux s’arrêtent dans les zones humides de l’Étournel, où ils peuvent se nourrir avant de poursuivre leur route.	The Western Marsh Harrier migrates on a broad front and can cross hills without being funnelled through the Défilé. It combines powered flight with the use of rising air. Some birds stop at the Étournel wetlands, where they can feed before continuing their journey.
avibase-E2A19474	evolution	Le passage a connu plusieurs phases : des saisons fortes dans les années 1990, un recul au début des années 2000, puis une reprise autour de 2010. Les années récentes restent variables, avec une saison particulièrement fournie en 2025. Cette succession ne dessine pas une progression continue.	Passage has gone through several phases: strong seasons in the 1990s, a decline in the early 2000s and a recovery around 2010. Recent years remain variable, with particularly strong passage in 2025. These phases do not form a continuous increase.
avibase-F558C7F9	passage	Le Busard Saint-Martin est un migrateur sur un large front, peu concentré par le relief. Il peut chasser ou faire halte sur les crêtes du Jura. Une partie des oiseaux hiverne assez loin au nord ; des déplacements tardifs liés au froid peuvent donc échapper à un suivi qui s’achève en novembre.	The Hen Harrier migrates on a broad front and is only weakly concentrated by the landscape. Birds may hunt or rest along the Jura ridges. Some winter relatively far north, so late movements associated with cold weather can escape monitoring that ends in November.
avibase-F558C7F9	evolution	Le passage diminue nettement entre les années 1990 et les années 2010. Des hivers plus doux, permettant aux oiseaux de rester plus au nord, et le recul de populations nicheuses européennes figurent parmi les explications envisagées. Leur contribution respective au faible passage local n’est toutefois pas établie.	Passage declined markedly between the 1990s and the 2010s. Milder winters allowing birds to remain farther north, and declines in European breeding populations, are among the proposed explanations. Their respective contributions to weak local passage have not been established.
avibase-63B6412E	passage	Le Busard cendré reste peu nombreux au Défilé et ses effectifs varient fortement selon les automnes. Les petits contingents observés rendent les comparaisons sensibles à quelques passages. Il faut aussi distinguer les oiseaux identifiés avec certitude de ceux laissés dans la catégorie « Busard pâle ou cendré ».	Montagu’s Harriers remain scarce at the Défilé, with numbers varying greatly between autumns. With so few birds, a handful of sightings can substantially affect comparisons. Confirmed identifications must also be distinguished from birds left in the “Pallid or Montagu’s Harrier” category.
avibase-22647E26	passage	Longtemps exceptionnel au Défilé, le Busard pâle y est devenu plus régulier. Cette évolution s’inscrit dans une augmentation des observations en Europe occidentale. Une meilleure connaissance des critères d’identification y contribue, sans suffire à expliquer l’ensemble du changement.	Once exceptional at the Défilé, the Pallid Harrier has become more regular. This forms part of an increase in sightings in western Europe. Better knowledge of identification features contributes to that change but does not fully explain it.
avibase-22647E26	particularites	La distinction avec le Busard cendré peut rester délicate, notamment pour certains jeunes oiseaux. Les observations laissées indéterminées entre les deux espèces constituent donc une catégorie utile, plutôt qu’une identification forcée.	Separation from Montagu’s Harrier can remain difficult, particularly for some young birds. Records left unidentified between the two species are therefore useful, rather than forcing an identification.
avibase-8372FFBA	passage	Le Circaète Jean-le-Blanc est longtemps resté un visiteur irrégulier du Défilé, avant d’y devenir plus régulier à partir de la fin des années 2000. L’expansion de sa nidification en Haute-Savoie et en Suisse donne un contexte à cette évolution. La présence d’oiseaux régionaux impose toutefois de distinguer les déplacements locaux d’un véritable passage migratoire.	The Short-toed Snake Eagle was long an irregular visitor to the Défilé before becoming more regular from the late 2000s onwards. The expansion of its breeding range in Haute-Savoie and Switzerland provides context for this change. The presence of regional birds nevertheless makes it necessary to distinguish local movements from true migration.
avibase-97C47F3E	passage	L’Élanion blanc apparaît dans les observations du Défilé à partir de 2014, puis devient plus régulier dans les années 2020. Ces rencontres restent peu nombreuses. Elles s’inscrivent dans les déplacements et l’expansion de l’espèce vers le nord et l’est de son aire européenne.	The Black-winged Kite first appears in the Défilé records in 2014 and becomes more regular in the 2020s. Sightings remain few. They form part of the species’ movements and expansion northwards and eastwards within Europe.
avibase-5D1987CE	passage	Le Vautour fauve est un visiteur peu fréquent du Défilé. Les oiseaux qui séjournent en été dans les Préalpes peuvent rester loin du poste d’observation, puis repartir vers le sud à l’automne. Les quelques passages observés ne représentent donc qu’une partie des déplacements régionaux.	The Griffon Vulture is an infrequent visitor to the Défilé. Birds spending summer in the Prealps may remain far from the watchpoint before heading south in autumn. The few observed passages therefore represent only part of the regional movements.
avibase-5F8E7CA8	passage	Les Aigles royaux notés en déplacement sont souvent des immatures. Les adultes régionaux sont surtout sédentaires, et la distinction entre migration et dispersion reste délicate. Un oiseau suivant durablement l’axe du passage se distingue plus facilement des aigles locaux qui évoluent au-dessus des reliefs.	Golden Eagles recorded on the move are often immature birds. Regional adults are mostly resident, and separating migration from dispersal remains difficult. A bird steadily following the migration axis is easier to distinguish from local eagles circling above the hills.
avibase-4B8CC285	passage	L’Aigle botté reste une rencontre rare au Défilé. Les observations, parfois très rapprochées d’une année à l’autre, ne permettent pas de définir une origine certaine pour les oiseaux. La présence de cette espèce constitue surtout un événement marquant au sein du passage des rapaces.	The Booted Eagle remains a rare encounter at the Défilé. Records, sometimes clustered in successive years, do not establish a definite origin for the birds. Its appearance is chiefly a memorable event within raptor passage.
avibase-C2565B65	passage	L’Aigle pomarin est rare au Défilé. Son passage se situe généralement plus tôt en automne que celui de l’Aigle criard, avec lequel il peut être difficile à distinguer. La présence d’hybrides complique encore l’identification : certaines observations restent donc prudemment attribuées au couple pomarin–criard.	The Lesser Spotted Eagle is rare at the Défilé. Its passage generally falls earlier in autumn than that of the Greater Spotted Eagle, from which it can be difficult to separate. Hybrids further complicate identification, so some records are cautiously left as Lesser or Greater Spotted Eagle.
avibase-BAC4CA22	passage	L’Aigle criard est un migrateur rare, généralement plus tardif que l’Aigle pomarin. Les observations se prolongent en octobre et en novembre. La ressemblance entre ces aigles, ainsi que l’existence d’hybrides, explique que certains oiseaux ne puissent pas être identifiés avec certitude.	The Greater Spotted Eagle is a rare migrant, generally passing later than the Lesser Spotted Eagle. Records extend into October and November. The resemblance between these eagles, together with the existence of hybrids, means that some birds cannot be identified with certainty.
avibase-2A16982E	passage	Cette catégorie rassemble les aigles dont l’identification ne permet pas de trancher entre pomarin et criard. Les deux espèces se ressemblent et peuvent s’hybrider. Conserver cette incertitude permet de décrire le passage sans attribuer arbitrairement les oiseaux à une espèce.	This category brings together eagles that cannot be confidently identified as Lesser or Greater Spotted Eagle. The two species resemble one another and can hybridise. Retaining that uncertainty describes passage without arbitrarily assigning birds to a species.
avibase-A635F565	particularites	L’Aigle des steppes observé en 2013 était un immature. La comparaison de photographies a suggéré qu’il pouvait s’agir d’un oiseau vu auparavant à Falsterbo, en Suède, sans permettre de l’affirmer avec certitude.	The Steppe Eagle seen in 2013 was an immature bird. Comparison of photographs suggested that it might have been seen previously at Falsterbo in Sweden, without establishing this with certainty.
avibase-90B13ACF	passage	La Buse pattue reste exceptionnelle au Défilé. Quelques observations isolées jalonnent le suivi, trop peu nombreuses pour dégager une tendance locale du passage.	The Rough-legged Buzzard remains exceptional at the Défilé. A few isolated sightings punctuate the monitoring record, too few to establish a local passage trend.
avibase-5A3D91D3	passage	Le Pygargue à queue blanche reste une rencontre rare dans les observations de passage. Les mentions récentes demandent aussi de tenir compte de la présence d’oiseaux issus du programme de réintroduction du Léman : toute apparition dans le secteur ne correspond pas nécessairement à un migrateur lointain.	The White-tailed Eagle remains a rare encounter in passage observations. Recent records must also take account of birds from the Lake Geneva reintroduction programme: an appearance in the area does not necessarily involve a long-distance migrant.
avibase-2DAB45B8	passage	Le Faucon crécerelle migre sur un large front et peut passer rapidement, sans être particulièrement concentré par le relief. Les oiseaux locaux qui chassent autour du site compliquent le comptage des migrateurs. Les nuages bas et certains vents peuvent rendre le passage plus visible en rapprochant les oiseaux des observateurs.	The Common Kestrel migrates on a broad front and can pass quickly, without being strongly concentrated by the landscape. Local birds hunting around the site complicate migrant counts. Low cloud and some winds can make passage more visible by bringing birds closer to observers.
avibase-2DAB45B8	evolution	Une hausse du passage apparaît à partir du début des années 2010, mais son ampleur n’est pas entièrement expliquée. Les années récentes restent variables. Les conditions de détection doivent accompagner la lecture de cette évolution, particulièrement pour un petit rapace capable de passer loin du poste.	Passage increased from the early 2010s, but the scale of the change is not fully explained. Recent years remain variable. Detection conditions need to be considered alongside this pattern, particularly for a small raptor capable of passing far from the watchpoint.
avibase-E91E287A	passage	Le Faucon hobereau est peu canalisé par le relief et peut franchir la Méditerranée sur un large front. Au Défilé, les nombres restent modestes et les oiseaux rapides peuvent facilement échapper à l’observation. Les variations locales ne reflètent donc qu’une partie de sa migration.	The Eurasian Hobby is only weakly funnelled by the landscape and can cross the Mediterranean on a broad front. At the Défilé, numbers remain modest and fast-moving birds can easily escape notice. Local variations therefore reflect only part of its migration.
avibase-E91E287A	evolution	Après une période de fluctuations sans tendance nette jusqu’en 2017, plusieurs saisons récentes sont faibles. L’automne 2025 tranche avec cette série par un passage exceptionnellement fourni. Ce contraste rappelle combien les petits effectifs habituels peuvent varier d’une année à l’autre.	After fluctuations with no clear trend up to 2017, several recent seasons are weak. Autumn 2025 stands out against this run with exceptionally strong passage. The contrast illustrates how much the usually small numbers can vary between years.
avibase-F3DA111C	passage	Le Faucon émerillon passe souvent vite et bas, parfois près des boisements, ce qui le rend facile à manquer. Certains oiseaux s’arrêtent pour chasser. Le faible nombre de migrateurs repérés doit être lu en tenant compte de cette discrétion, plutôt que comme une mesure complète du flux.	The Merlin often passes fast and low, sometimes close to woodland, making it easy to miss. Some birds stop to hunt. The small number of migrants detected needs to be understood in light of this inconspicuous passage, rather than as a complete measure of the flow.
avibase-997A9437	passage	Le Faucon kobez est rare en migration automnale au Défilé. Sa migration en boucle fait passer une grande partie des oiseaux plus à l’est à cette saison. Une année riche en observations locales, comme 2025, constitue donc un événement particulier plutôt qu’un passage habituel.	The Red-footed Falcon is rare on autumn migration at the Défilé. Its loop migration takes many birds farther east at this season. A year rich in local sightings, such as 2025, is therefore a distinctive event rather than typical passage.
avibase-47E58408	passage	Le Faucon pèlerin est observé à la fois comme oiseau local et comme migrateur. Les individus régionaux peuvent chasser les oiseaux de passage, tandis que des pèlerins d’origine plus nordique poursuivent leur route vers leurs quartiers d’hiver. Le petit nombre de migrateurs identifiés ne permet pas de dégager facilement une tendance.	The Peregrine Falcon is seen both as a local bird and as a migrant. Regional birds may hunt passing migrants, while Peregrines from farther north continue towards their winter quarters. The small number identified as migrants makes a trend difficult to establish.
avibase-28825494	passage	La Cigogne blanche est une migratrice emblématique du mois d’août. Les groupes passent souvent à plusieurs kilomètres à l’est du poste d’observation et longent rarement le Jura. Les brumes de chaleur peuvent les masquer, même lorsque leur taille laisserait penser qu’ils sont faciles à repérer. Les lectures de bagues et les suivis par balises montrent notamment l’importance des oiseaux originaires de Suisse et d’Allemagne.	The White Stork is an emblematic August migrant. Flocks often pass several kilometres east of the watchpoint and rarely follow the Jura. Heat haze can conceal them, despite their size suggesting they should be easy to spot. Ring readings and tracking data show the importance of birds originating in Switzerland and Germany in particular.
avibase-28825494	evolution	Autrefois peu abondante dans les comptages, la Cigogne blanche progresse fortement depuis le début des années 2000. L’augmentation des populations nicheuses y contribue, tout comme une meilleure détection des vols éloignés. La présence de plusieurs observateurs permet de consacrer davantage d’attention au secteur est. Le passage s’est aussi étalé sur une période plus longue entre 1993 et 2019, avec un début plus précoce et une fin plus tardive.	Once scarce in the counts, the White Stork has increased strongly since the early 2000s. Growing breeding populations contribute, alongside better detection of distant flocks. Having several observers allows more attention to be given to the eastern sector. Passage also spread over a longer period between 1993 and 2019, beginning earlier and ending later.
avibase-28825494	particularites	Le Jura constitue une barrière que les cigognes franchissent rarement. Les oiseaux suisses privilégient ainsi la voie du défilé de l’Écluse, tandis que ceux d’Alsace passent surtout par la Franche-Comté.	The Jura forms a barrier that storks rarely cross. Swiss birds therefore favour the Défilé de l’Écluse route, whereas those from Alsace mainly pass through Franche-Comté.
avibase-E2817DAE	passage	Moins abondante que la Cigogne blanche, la Cigogne noire traverse seule ou en petits groupes, souvent lors de journées ensoleillées. Sur ciel bleu, ces oiseaux peuvent facilement passer inaperçus, surtout loin des grands flux de rapaces. Les lectures de bagues relient notamment les oiseaux transitant par le Plateau suisse à l’Europe centrale.	Less numerous than the White Stork, the Black Stork passes alone or in small groups, often on sunny days. Against a blue sky these birds can easily go unnoticed, especially away from large streams of raptors. Ring readings link birds crossing the Swiss Plateau notably with central Europe.
avibase-E2817DAE	evolution	Après une période relativement stable jusqu’au milieu des années 2000, le passage augmente, puis devient plus contrasté dans les saisons récentes. Entre les années 1990 et la fin des années 2010, la migration observée commence plus tôt et s’étale davantage. Cette évolution locale s’inscrit dans un contexte d’expansion des populations nicheuses d’Europe occidentale, sans correspondre à une hausse uniforme partout en Europe.	After a relatively stable period up to the mid-2000s, passage increased before becoming more variable in recent seasons. Between the 1990s and the late 2010s, observed migration began earlier and extended over a longer period. This local change fits a context of expanding western European breeding populations, rather than a uniform increase throughout Europe.
avibase-6429024D	passage	Le Héron cendré migre de jour comme de nuit. Au Défilé, les groupes les plus importants sont souvent repérés à l’aube ou au crépuscule, mais des oiseaux passent aussi en pleine journée. Seuls, en petits groupes ou en grandes bandes, ils peuvent traverser assez haut au-dessus du site.	The Grey Heron migrates by day and by night. At the Défilé, the largest flocks are often detected at dawn or dusk, although birds also pass in full daylight. Alone, in small groups or in large flocks, they may cross quite high above the site.
avibase-6429024D	evolution	Les comptages augmentent fortement à partir de la fin des années 2010, avec des saisons récentes très fournies. L’extension du suivi aux premières et dernières heures du jour contribue à mieux saisir une migration en partie nocturne. Cette amélioration de la couverture doit être prise en compte avant d’attribuer toute la hausse à une augmentation des populations.	Counts rose strongly from the late 2010s, with very substantial passage in recent seasons. Extending observation into the first and last hours of daylight helps capture migration that is partly nocturnal. This improved coverage needs to be considered before attributing the entire increase to population growth.
avibase-49D9148A	passage	La Grande Aigrette migre surtout de jour, ce qui rend son passage plus accessible au suivi visuel que celui de nombreux autres hérons. Elle peut voyager avec les Hérons cendrés. Ses déplacements d’est en ouest ne sont toutefois pas nécessairement concentrés dans l’entonnoir du Défilé : certains oiseaux peuvent franchir directement le Jura.	The Great Egret migrates mainly by day, making its passage more accessible to visual monitoring than that of many other herons. It may travel with Grey Herons. Its east-to-west movements are not necessarily concentrated in the Défilé funnel, however: some birds can cross the Jura directly.
avibase-49D9148A	evolution	Très rare au début des années 1990, la Grande Aigrette devient progressivement une migratrice régulière et beaucoup plus abondante. Cette transformation accompagne l’expansion de l’espèce en Europe. La protection, l’évolution des ressources alimentaires et l’utilisation croissante des champs en automne et en hiver font partie du contexte de cet essor.	Very rare in the early 1990s, the Great Egret gradually became a regular and much more numerous migrant. This transformation accompanies the species’ expansion in Europe. Protection, changes in food resources and increasing use of fields in autumn and winter form part of the context for this growth.
avibase-49D9148A	particularites	Autrefois très recherchée pour ses plumes, la Grande Aigrette a fortement bénéficié des mesures de protection. Les contrôles de bagues suggèrent une origine surtout hongroise, et probablement autrichienne, pour une partie des oiseaux qui transitent par la Haute-Savoie.	Once heavily hunted for its feathers, the Great Egret benefited greatly from protection. Ring recoveries suggest a mainly Hungarian, and probably Austrian, origin for some birds passing through Haute-Savoie.
avibase-3DF5C587	passage	Le Grand Cormoran est particulièrement actif en début de matinée. De grandes bandes suivent le Rhône ou franchissent les reliefs voisins. Les allers-retours entre dortoirs et zones de pêche compliquent toutefois la lecture du passage : tous les vols vers le sud-ouest ne sont pas nécessairement des départs définitifs.	The Great Cormorant is particularly active early in the morning. Large flocks follow the Rhône or cross neighbouring hills. Movements between roosts and fishing grounds nevertheless complicate interpretation: not every south-westbound flight is necessarily a definitive departure.
avibase-3DF5C587	evolution	Une hausse du passage apparaît dans les années 2010, avec de fortes fluctuations et des saisons récentes plus contrastées. L’expansion des populations nicheuses fournit une partie du contexte. Le suivi plus régulier dès l’aube améliore aussi la détection des premiers groupes et peut contribuer à l’impression d’un début de passage plus précoce.	Passage increased in the 2010s, with large fluctuations and more variable recent seasons. Expanding breeding populations provide part of the context. More regular coverage from dawn also improves detection of the earliest flocks and may contribute to the appearance of an earlier start to passage.
avibase-99B8841E	passage	La Grue cendrée migre de jour comme de nuit et franchit facilement des reliefs modérés comme le Jura. Son passage visible peut être très concentré, mais une partie du flux échappe au suivi diurne. Les variations entre années reflètent donc aussi la part de migration qui se déroule dans le champ des observateurs et pendant leurs heures de présence.	The Common Crane migrates by day and by night and readily crosses moderate hills such as the Jura. Visible passage can be highly concentrated, but part of the flow escapes daytime monitoring. Differences between years therefore also reflect how much migration takes place within view and during observation hours.
avibase-99B8841E	evolution	Presque anecdotique au début du suivi, le passage prend une tout autre ampleur dans les années 2010. Cette évolution accompagne la mise en place d’une voie secondaire passant par l’Europe centrale, le nord des Alpes et le Plateau suisse, dans un contexte de croissance des populations européennes. Les nombres restent ensuite très variables selon les automnes.	Almost incidental at the start of monitoring, passage grew substantially in the 2010s. This accompanied the development of a secondary route through central Europe, north of the Alps and across the Swiss Plateau, against a background of growing European populations. Numbers have since remained very variable between autumns.
avibase-66AA3934	passage	Le Guêpier d’Europe est devenu un migrateur régulier du Défilé à partir des années 2010, après une présence longtemps irrégulière. Le passage peut présenter plusieurs vagues. Des populations plus nordiques, notamment allemandes, quittent leurs sites de reproduction plus tard que les populations méridionales et peuvent ainsi alimenter un second mouvement.	The European Bee-eater became a regular migrant at the Défilé from the 2010s, after a long period of irregular occurrence. Passage can come in several waves. More northerly populations, notably in Germany, leave their breeding grounds later than southern populations and can therefore contribute a second movement.
avibase-66AA3934	evolution	L’augmentation des observations accompagne l’expansion de la nidification en Suisse et en Allemagne. Le réchauffement fournit une explication possible, mais la protection des colonies et la création d’habitats favorables à la reproduction ont également contribué à cet essor. Les fluctuations annuelles restent importantes au Défilé.	Increasing sightings accompany an expansion of breeding in Switzerland and Germany. Warming offers one possible explanation, but colony protection and the creation of suitable breeding habitat have also contributed to this growth. Annual fluctuations remain substantial at the Défilé.
avibase-760F307A	passage	Le Pigeon ramier traverse la région sur un large front, selon un axe nord-est–sud-ouest. Les vagues de passage peuvent être très concentrées en octobre. Des Pigeons colombins se mêlent régulièrement aux vols, et la distance ou la densité des groupes rendent parfois leur distinction impossible. Selon les années et les pratiques de saisie, une part variable des oiseaux est donc notée comme pigeons indéterminés.	The Common Wood Pigeon crosses the region on a broad north-east to south-west front. Passage waves can be highly concentrated in October. Stock Doves regularly mix with the flocks, and distance or flock density can make separation impossible. Depending on the year and recording practices, a variable share of birds is therefore recorded as unidentified pigeons.
avibase-760F307A	evolution	Le passage a fortement diminué depuis les grandes saisons des années 1960 et 1970, sans correspondre à un recul général de l’espèce en Europe. Des déplacements moins importants de certaines populations d’Europe centrale, des hivers plus doux et la chasse figurent parmi les explications envisagées. Les voies de l’autre côté du Jura peuvent aussi connaître une évolution différente. Le passage exceptionnel de 2025 contraste nettement avec les faibles saisons de plusieurs décennies.	Passage declined greatly after the large movements of the 1960s and 1970s, without a corresponding general decline of the species in Europe. Reduced movements by some central European populations, milder winters and hunting are among the proposed explanations. Routes on the other side of the Jura can also show different patterns. Exceptional passage in 2025 contrasts sharply with the weak seasons of several decades.
avibase-760F307A	particularites	La météo peut modifier l’itinéraire des vols : un plafond bas favorise parfois leur passage par le Défilé ou le Vuache, tandis qu’un ciel dégagé leur permet de franchir le Jura. Les bandes peuvent aussi longer les versants boisés et s’y réfugier lorsqu’un rapace les attaque.	Weather can alter flock routes: low cloud sometimes favours passage through the Défilé or over the Vuache, whereas clear skies allow birds to cross the Jura. Flocks may also follow wooded slopes and take refuge there when attacked by a raptor.
avibase-68E4C0D1	passage	Le Pigeon colombin se mêle aux bandes de Pigeons ramiers, en nombres généralement bien plus faibles. Le distinguer exige de bonnes conditions de distance et de lumière. Les vols trop éloignés ou trop compacts restent parfois dans la catégorie des pigeons indéterminés, ce qui limite la comparaison entre les saisons.	The Stock Dove mixes with Common Wood Pigeon flocks, usually in much smaller numbers. Identifying it requires favourable viewing distance and light. Flocks that are too distant or tightly packed may remain in the unidentified-pigeon category, limiting comparisons between seasons.
avibase-68E4C0D1	evolution	Sa proportion parmi les pigeons identifiés a augmenté dans les années 2000 et au début des années 2010, en partie parce que le passage des ramiers diminuait. Elle a ensuite baissé, avec un recul propre aux colombins. Les changements de proportion ne traduisent donc pas nécessairement une augmentation du nombre de colombins.	Its share among identified pigeons increased in the 2000s and early 2010s, partly because Common Wood Pigeon passage declined. That share subsequently fell, alongside a decline in Stock Doves themselves. Changes in proportion therefore do not necessarily mean an increase in Stock Dove numbers.
avibase-F837F893	passage	Cette catégorie regroupe les pigeons que la distance, la lumière ou la densité des vols ne permettent pas de distinguer avec certitude. Elle est essentielle pour comprendre les comparaisons entre Pigeons ramiers et colombins : une variation des oiseaux identifiés peut aussi refléter un changement des conditions d’observation ou de la manière de consigner les vols.	This category groups pigeons that cannot be confidently identified because of distance, light or flock density. It is essential to understanding comparisons between Common Wood Pigeons and Stock Doves: changes in identified birds may also reflect observation conditions or the way flocks are recorded.
avibase-1078FFEA	passage	Le Corbeau freux passait autrefois en bandes nombreuses, parfois en longues successions de vols serrés. Il peut voyager avec des Choucas des tours. Par mauvais temps, des groupes se posent dans les champs au pied du Vuache avant de reprendre leur progression lorsque les conditions s’améliorent.	The Rook formerly passed in large flocks, sometimes in long processions of tightly packed birds. It may travel with Western Jackdaws. In poor weather, flocks land in fields at the foot of the Vuache before continuing when conditions improve.
avibase-1078FFEA	evolution	L’effondrement du passage depuis les grandes saisons des années 1970 et 1980 est l’un des changements les plus frappants du site. Il ne semble pas correspondre principalement à une diminution des nicheurs, mais plutôt à un hivernage plus proche des régions d’origine, plus à l’est en Europe. Cette sédentarisation hivernale pourrait être favorisée par des hivers plus doux. Les voies de migration situées de l’autre côté du Jura n’ont pas connu le même recul.	The collapse in passage since the large movements of the 1970s and 1980s is one of the site’s most striking changes. It appears to reflect wintering closer to breeding areas, farther east in Europe, more than a decline in breeding birds. Milder winters may favour this reduced migration. Routes on the other side of the Jura have not experienced the same decline.
avibase-D4C32F8E	passage	Le Choucas des tours accompagne parfois les Corbeaux freux. Son passage est devenu beaucoup plus faible qu’au début du suivi, même si sa proportion dans les vols mixtes peut être plus élevée lorsque les freux sont particulièrement rares.	The Western Jackdaw sometimes accompanies Rooks. Its passage has become much smaller than at the start of monitoring, although its share of mixed flocks can be higher when Rooks are particularly scarce.
avibase-D4C32F8E	evolution	Le recul des migrateurs ne se retrouve pas uniformément dans les populations nicheuses voisines. Une diminution des oiseaux d’origine allemande et une tendance accrue à rester près des lieux de reproduction figurent parmi les explications envisagées. Une faible saison au Défilé ne suffit donc pas à décrire l’évolution de l’espèce dans toute la région.	The decline in migrants is not shared uniformly by neighbouring breeding populations. A decline in birds originating in Germany and an increasing tendency to remain near breeding areas are among the proposed explanations. A weak season at the Défilé therefore does not describe the species’ fortunes throughout the region.
avibase-D8D10F2C	passage	Le Geai des chênes se distingue par des irruptions, avec des mouvements importants certains automnes. Les oiseaux suivent les massifs boisés, se déplacent sur de larges fronts et peuvent aussi emprunter les cols alpins. Le poste de suivi ne permet donc d’observer qu’une partie de ces déplacements.	The Eurasian Jay is distinctive for its irruptions, with large movements in some autumns. Birds follow wooded areas, move on broad fronts and may also use Alpine passes. The watchpoint therefore captures only part of these movements.
avibase-D8D10F2C	evolution	Plusieurs irruptions jalonnent la période 1993–2019, avec des intensités très variables au Défilé. Ces mouvements sont liés à une faible production de glands dans les régions nordiques, associée à une bonne reproduction. Ils n’atteignent pas nécessairement la France, ou peuvent n’y être perceptibles qu’en petit nombre. L’ampleur d’une irruption au nord de l’Europe ne se retrouve donc pas systématiquement dans les comptages locaux.	Several irruptions occurred over 1993–2019, with very different intensities at the Défilé. These movements are linked to poor acorn crops in northern regions combined with good breeding success. They do not necessarily reach France, or may involve only small numbers there. The scale of a northern European irruption is therefore not always reflected in local counts.
avibase-D8D10F2C	particularites	Le brouillard peut parfois faciliter l’observation : en 2012, il semble avoir rapproché les geais du poste de suivi, les rendant plus faciles à repérer et à compter.	Fog can sometimes help observation: in 2012 it appears to have brought jays closer to the watchpoint, making them easier to find and count.
avibase-742EC2F1	passage	L’Alouette lulu accompagne souvent les vols d’Alouettes des champs, en nombres généralement plus faibles. Sa petite taille et surtout sa queue plus courte aident à la reconnaître en vol. Les oiseaux détectés au Défilé ne représentent pas nécessairement les mêmes populations que ceux qui passent de l’autre côté du Jura.	The Woodlark often accompanies Eurasian Skylark flocks, usually in smaller numbers. Its smaller size and especially its shorter tail help identify it in flight. Birds detected at the Défilé do not necessarily represent the same populations as those passing on the other side of the Jura.
avibase-742EC2F1	evolution	Entre les années 1990 et 2019, le passage présente un recul initial puis une reprise modeste. Cette évolution ressemble à celle des nicheurs suisses, mais les oiseaux observés ne proviennent pas nécessairement de cette seule population. La similitude des courbes ne permet pas de déterminer leur origine.	Between the 1990s and 2019, passage showed an initial decline followed by a modest recovery. This resembles the pattern in Swiss breeding birds, but migrants seen here do not necessarily come from that population alone. Similar curves do not establish the birds’ origin.
avibase-ED2AC04E	passage	L’Alouette des champs migre en grande partie de nuit. Le passage diurne visible au Défilé peut donc ne représenter qu’une fraction variable du mouvement réel. Quelques journées très fournies peuvent peser fortement dans le bilan d’une saison.	The Eurasian Skylark migrates largely at night. Visible daytime passage at the Défilé may therefore represent a variable fraction of the actual movement. A few very busy days can strongly influence a season’s total.
avibase-ED2AC04E	evolution	Les comptages de 1993 à 2019 ne montrent pas de tendance nette, malgré le recul des populations nicheuses dans de nombreuses régions d’Europe. Cette différence rappelle les limites du suivi local d’un migrateur en partie nocturne. Les changements d’itinéraire et la proportion d’oiseaux restant près de leurs lieux de reproduction peuvent aussi brouiller la relation entre passage et populations.	Counts from 1993 to 2019 show no clear trend, despite declines in breeding populations across many parts of Europe. This contrast illustrates the limits of local monitoring for a partly nocturnal migrant. Changes in routes and the proportion of birds remaining near their breeding grounds can also blur the relationship between passage and populations.
avibase-9BE53D34	passage	La Mésange bleue se déplace surtout lors d’irruptions, très inégales selon les automnes. Elle peut progresser lentement de buisson en buisson et migrer sur un large front. Les voies de plaine semblent importantes pour elle, mais un mouvement visible sur un col alpin peut aussi passer inaperçu au Défilé.	The Eurasian Blue Tit moves mainly during irruptions that vary greatly between autumns. It may progress slowly from bush to bush and migrate on a broad front. Lowland routes appear important, but a movement visible at an Alpine pass may also go undetected at the Défilé.
avibase-9BE53D34	evolution	Jusqu’en 2019, les irruptions deviennent plus fréquentes dans les observations locales. Dans les régions nordiques, une bonne reproduction et certaines années de faible disponibilité alimentaire peuvent entraîner le départ de nombreux jeunes. L’importance de ces mouvements varie toutefois selon les routes empruntées.	Up to 2019, irruptions became more frequent in local observations. In northern regions, good breeding success and years of poor food availability can prompt many young birds to leave. The scale of these movements nevertheless varies with the routes used.
avibase-166CD440	passage	La Mésange noire est peu représentée dans les mouvements de mésanges observés au Défilé. Elle préfère se déplacer dans des milieux comportant des conifères, absents aux abords immédiats du poste. Des irruptions importantes sur les cols de montagne peuvent ainsi n’être que faiblement perceptibles ici.	The Coal Tit forms only a small part of tit movements seen at the Défilé. It prefers to travel through habitats containing conifers, which are absent immediately around the watchpoint. Major irruptions at mountain passes can therefore be only faintly apparent here.
avibase-E15BC0CB	passage	La Mésange charbonnière présente des irruptions plutôt qu’un passage abondant chaque année. Selon les automnes, les mouvements peuvent être plus visibles en plaine ou sur les cols alpins. Son apparition tardive dans les comptages du Défilé ne signifie donc pas que ces déplacements soient nouveaux.	The Great Tit shows irruptions rather than abundant passage every year. Depending on the autumn, movements may be more visible in lowlands or at Alpine passes. Its late appearance in the Défilé counts therefore does not mean that such movements are new.
avibase-E15BC0CB	particularites	La disponibilité des faînes et des noisettes fait partie des facteurs associés à ces irruptions. Contrairement à la Mésange bleue, elles ne sont pas attribuées à une croissance des populations nordiques sur la période allant jusqu’en 2019.	The availability of beechmast and hazelnuts is among the factors associated with these irruptions. Unlike those of the Eurasian Blue Tit, they were not attributed to growth in northern populations over the period up to 2019.
avibase-E074D706	passage	Le Goéland leucophée effectue de nombreux déplacements entre le Léman et le Rhône, dans les deux sens. Ces trajets locaux se mêlent à un mouvement automnal vers le sud-ouest, probablement lié au départ d’oiseaux ayant passé l’été sur le lac. La distinction entre migration et circulation régionale reste donc délicate.	The Yellow-legged Gull makes many movements between Lake Geneva and the Rhône, in both directions. These local flights mix with an autumn movement towards the south-west, probably associated with birds leaving the lake after summer. Separating migration from regional movements therefore remains difficult.
avibase-FB02DD96	passage	Les mouvements de Mouettes rieuses ne sont pas toujours faciles à interpréter. Des groupes prennent de l’altitude, redescendent ou repartent dans des directions variées. Certains finissent toutefois par s’organiser en formations triangulaires et poursuivre vers le sud-ouest, donnant une image plus nette d’un départ migratoire.	Black-headed Gull movements are not always easy to interpret. Flocks gain height, descend again or depart in different directions. Some eventually form triangular formations and continue south-west, giving a clearer indication of migration.
avibase-4E6EF3F9	passage	Le Martinet noir est un migrateur précoce, dont le passage peut déjà être très important en été. Des oiseaux traversent parfois à toutes les hauteurs accessibles aux jumelles et aux longues-vues. Cette dispersion verticale rend leur dénombrement difficile et peut produire un contraste marqué entre journées de passage spectaculaire et journées beaucoup plus discrètes.	The Common Swift is an early migrant whose passage can already be substantial in summer. Birds sometimes cross at every height visible through binoculars and telescopes. This vertical spread makes counting difficult and can produce a marked contrast between spectacular passage days and much quieter ones.
avibase-FA1CAD29	passage	Le Martinet à ventre blanc apparaît en petits nombres dans les observations disponibles. La présence de nicheurs locaux rend parfois difficile la reconnaissance des véritables migrateurs.	The Alpine Swift appears in small numbers in the available observations. The presence of local breeding birds sometimes makes true migrants difficult to recognise.
avibase-58C502EA	passage	L’Hirondelle rustique participe aux grands mouvements d’hirondelles observés au Défilé, avec les Hirondelles de fenêtre et de rivage. Les vols peuvent être très abondants et difficiles à dénombrer séparément. Dans les premiers suivis, une partie du passage était estimée par échantillonnage, ce qui demande de la prudence dans les comparaisons historiques.	The Barn Swallow takes part in the large hirundine movements seen at the Défilé, alongside Common House Martins and Sand Martins. Flocks can be very numerous and difficult to count separately. In early monitoring, some passage was estimated by sampling, calling for care in historical comparisons.
avibase-30FEC6BE	passage	L’Hirondelle de fenêtre traverse le Défilé au sein des mouvements mêlant plusieurs espèces d’hirondelles. Les concentrations peuvent être importantes, mais les oiseaux ne sont pas toujours distingués individuellement. Les bilans regroupant toutes les hirondelles ne décrivent donc pas à eux seuls le passage de cette espèce.	The Common House Martin crosses the Défilé within movements involving several hirundine species. Concentrations can be large, but birds are not always identified individually. Totals combining all hirundines therefore do not describe this species’ passage on their own.
avibase-94A1C447	passage	L’Hirondelle de rivage est observée parmi les vols d’Hirondelles rustiques et de fenêtre. Dans certains comptes rendus anciens, le passage est décrit pour l’ensemble de ces espèces plutôt que séparément. Cette origine commune des observations doit être gardée à l’esprit pour interpréter les différences entre années.	The Sand Martin is seen among flocks of Barn Swallows and Common House Martins. Some early accounts describe passage for these species together rather than separately. This shared basis for observations needs to be kept in mind when interpreting differences between years.
avibase-6364E4A5	passage	Le Pinson des arbres figure parmi les petits passereaux les plus abondants du passage visible. Les premiers suivis estimaient une partie de ces flux par échantillonnage. L’importance apparente du passage doit donc aussi se lire à travers la méthode de comptage et l’attention consacrée aux petits oiseaux.	The Common Chaffinch is among the most numerous small passerines in visible passage. Early monitoring estimated part of these flows by sampling. The apparent scale of passage therefore also needs to be understood in terms of counting methods and the attention devoted to small birds.
avibase-89C42590	particularites	Le Tichodrome échelette est aussi connu comme hivernant régulier sur les parois du fort de l’Écluse lui-même. Une observation dans le secteur peut ainsi s’inscrire dans une présence hivernale locale plutôt que dans un grand flux migratoire.	The Wallcreeper is also known as a regular winter visitor to the walls and cliffs of Fort l’Écluse itself. A sighting in the area may therefore relate to a local winter presence rather than a major migration flow.
avibase-D9B001DF	particularites	Lors du suivi de 1993, quelques Cassenoix mouchetés paraissaient se déplacer avec les Geais des chênes. Cette association reste une observation ponctuelle, sans permettre de décrire un passage régulier au Défilé.	During monitoring in 1993, a few Spotted Nutcrackers appeared to be moving with Eurasian Jays. This remains an isolated observation rather than evidence of regular passage at the Défilé.
avibase-407E2CA8	passage	Les Harles bièvres observés au Défilé ne sont pas toujours faciles à classer comme migrateurs : certains déplacements peuvent relever de la dispersion le long du Rhône. La progression des observations au début des années 2010 s’inscrit aussi dans un contexte d’expansion régionale de l’espèce.	Common Mergansers seen at the Défilé are not always easy to classify as migrants: some movements may involve dispersal along the Rhône. Increasing observations in the early 2010s also fit a context of regional expansion.
avibase-6F2AF9D0	passage	L’Hirondelle de rochers reste peu représentée parmi les hirondelles observées au Défilé. Elle peut toutefois être notée très tard en automne, jusque dans les derniers jours du suivi. Les bilans regroupant toutes les hirondelles ne doivent pas être attribués à cette espèce discrète dans les comptages.	The Eurasian Crag Martin forms only a small share of hirundines seen at the Défilé. It can nevertheless occur very late in autumn, into the final days of monitoring. Totals combining all hirundines should not be attributed to this species, which is scarce in the counts.
avibase-55CCEE2D	passage	Les hirondelles peuvent traverser dans des vols mixtes trop éloignés ou trop nombreux pour être tous identifiés. La catégorie indéterminée garde la trace de cette partie du passage. Elle doit être prise en compte lorsqu’on compare les effectifs attribués aux Hirondelles rustiques, de fenêtre et de rivage.	Hirundines can pass in mixed flocks that are too distant or numerous for every bird to be identified. The unidentified category retains this part of passage. It needs to be considered when comparing numbers assigned to Barn Swallows, Common House Martins and Sand Martins.
avibase-94A44032	passage	L’Étourneau sansonnet peut traverser en grandes vagues très concentrées. Les saisons 2013 et 2014 ont ainsi fortement contrasté avec les passages bien plus modestes des années précédentes. Quelques épisodes peuvent donc donner une tonalité très particulière au bilan d’un automne.	The Common Starling can pass in large, highly concentrated waves. The 2013 and 2014 seasons contrasted strongly with the much smaller movements of preceding years. A few episodes can therefore give an autumn’s passage a very distinctive character.
avibase-052BFA8A	passage	La Mouette mélanocéphale reste peu fréquente dans les observations du Défilé. Les oiseaux peuvent accompagner les Mouettes rieuses, comme les jeunes qui ont marqué la forte saison 2024. Les observations régionales et les migrateurs identifiés ne correspondent toutefois pas toujours au même type de déplacement.	The Mediterranean Gull remains infrequent in the Défilé observations. Birds may accompany Black-headed Gulls, as did the young birds that characterised the strong 2024 season. Regional sightings and birds identified as migrants do not always represent the same kind of movement.
avibase-BC06BC0D	passage	La Sterne caspienne est la plus grande des sternes. Peu fréquente au passage en France, elle n’est observée qu’occasionnellement au Défilé. Une partie de la migration des laridés se déroule de nuit, ce qui limite encore sa perception depuis le poste.	The Caspian Tern is the largest tern. An uncommon passage bird in France, it is seen only occasionally at the Défilé. Some gull and tern migration takes place at night, further limiting what observers at the watchpoint can detect.
avibase-8BAFB01E	particularites	En 2008, un Pélican blanc adulte accompagne un groupe de Cigognes blanches. Son trajet est ensuite suivi jusqu’au nord-est de l’Espagne. Cette rencontre illustre les rares surprises que peut réserver l’observation des grandes bandes de migrateurs.	In 2008, an adult Great White Pelican accompanied a flock of White Storks. Its journey was subsequently followed as far as north-eastern Spain. This encounter illustrates the rare surprises that watching large migrant flocks can bring.
avibase-082F3A63	particularites	Les observations de Courlis corlieux comprennent aussi des oiseaux en halte. En 2010, un temps très instable provoque une arrivée inhabituelle au sol, donnant au passage local une ampleur exceptionnelle. Un tel épisode ne correspond pas nécessairement à une augmentation générale du flux migratoire.	Whimbrel records also include birds stopping over. In 2010, very unsettled weather brought an unusual arrival of grounded birds, making local passage exceptional. Such an episode does not necessarily indicate a general increase in the migration flow.
